condition,mean_input_tokens,total_prediction_seconds,retrieval_seconds,query_encoding_seconds,one_time_history_encoding_seconds,mean_relative_error,maximum_relative_error,fraction_within_2_percent
frozen_question_only,249.20157189089227,15.13764760340564,0.0,0.0,,,,
frozen_demographics,1581.9329634766527,1084.8527421471663,0.0,0.0,,,,
frozen_full_history,31560.441054091538,3313.616583016934,0.0,0.0,,,,
frozen_bm25,4060.4390507011867,3264.6838537454605,591.5764008299448,0.0,,,,
frozen_semantic,2755.589356346638,2914.189462892711,593.0299830664881,89.61294331890531,,,,
frozen_hybrid,3466.255612061437,3231.776157459477,594.8696049575228,89.61294331890531,,,,
frozen_shuffled_42,31560.441054091538,3248.1099159768783,0.0,0.0,,,,
frozen_shuffled_43,31560.441054091538,3267.4794762567617,0.0,0.0,,,,
frozen_shuffled_44,31560.441054091538,3308.542919243686,0.0,0.0,,,,
frozen_shuffled,31560.441054091538,3274.710770492442,0.0,0.0,,,,
frozen_random_42,3453.1222581805105,3540.740751500707,895.7387081964407,89.61294331890531,,,,
frozen_random_43,3453.1005804695124,3515.450747879455,896.1659091750626,89.61294331890531,,,,
frozen_random_44,3453.0486977962705,3510.683166068513,895.6848760358989,89.61294331890531,,,,
frozen_random,3453.0905121487644,3522.2915551495585,895.8631644691341,89.61294331890531,,0.008135205441151252,0.03232242617717478,0.9985445454701118
sft_question_only,249.20157189089227,182.28593107243069,0.0,0.0,,,,
sft_full_history,31560.441054091538,11596.965781578794,0.0,0.0,,,,
sft_hybrid,3466.255612061437,4596.358665414387,603.2568222659174,89.61294331890531,,,,
sft_shuffled_42,31560.441054091538,4837.696861254983,0.0,0.0,,,,
sft_shuffled_43,31560.441054091538,4840.9912749638315,0.0,0.0,,,,
sft_shuffled_44,31560.441054091538,4838.481717405142,0.0,0.0,,,,
sft_shuffled,31560.441054091538,4839.056617874652,0.0,0.0,,,,
test_selected_uncalibrated,31556.936456567524,4834.137183122337,0.0,0.0,,,,
cached_dev_history_embeddings,,,,,676.1035221323837,,,
