condition,participants,responses,exact_mean,exact_lo,exact_hi,agreement_mean,agreement_lo,agreement_hi,nll_mean,nll_lo,nll_hi,brier_mean,brier_lo,brier_hi,invalid_response_rate
common_answer,309,29690,0.4494193794022462,0.4382444555492099,0.4600344644330223,0.7522557163102566,0.7443239418744845,0.7593492086532564,1.1508946317676527,1.137001049679226,1.1658475886387911,0.6149323307079341,0.6082315084675582,0.6221216012949863,0.0
price_aware,309,29690,0.4587616600038073,0.44724756488355855,0.4695988006853226,0.7615979969118176,0.7537768862237453,0.7689027777777777,1.1444893325402705,1.130637439254701,1.159691378984385,0.6088474814477507,0.6020499111045196,0.616140290041924,0.0
human_retest,309,29690,0.5492004568817818,0.536467970683419,0.56137814106225,0.814580197559067,0.8065522627281765,0.8227797845675489,,,,,,,0.0
frozen_question_only,309,29690,0.28658227044863255,0.27779491084459673,0.2955219239799479,0.5645750470630542,0.5571000079319757,0.5723258701376993,1.542383957753631,1.5278672766102395,1.5569345078650434,0.7706646725887271,0.7643989216869037,0.77690804349533,0.0
frozen_demographics,309,29690,0.2978361571165683,0.287841590519703,0.3073918475157053,0.5767652664086134,0.5685437199906933,0.5850228633902322,1.580034153114931,1.5642103477317413,1.5963264532761483,0.7825072383832182,0.7753433564843009,0.7896647478173777,0.0
frozen_full_history,309,29690,0.30294752205089154,0.2928365140554604,0.3124058474522495,0.575774636715528,0.5679632921399415,0.583856070605157,1.552287056029625,1.5389439895703967,1.5649913350678464,0.7713280827136216,0.7659204245178276,0.7764982052081785,0.0868979454361738
frozen_bm25,309,29690,0.2989593248302557,0.2897311456945238,0.30806864331493117,0.5982594496266684,0.590348535492946,0.6059830586225861,1.5579132120527737,1.5433688524848093,1.5727036155221665,0.7753403207161159,0.7689195061874388,0.7818347759233115,0.0
frozen_semantic,309,29690,0.2980852211434736,0.2884191176470588,0.3073723348562726,0.5816770099625614,0.5734839012627708,0.589925487816486,1.568044049618063,1.5543590504716465,1.581657217696864,0.7830114693469368,0.7762178291880223,0.7897861581878546,0.0
frozen_hybrid,309,29690,0.2976473761025446,0.28816176470588234,0.30675494955263655,0.580695782304292,0.5724917954290671,0.5889991433466591,1.5617644629591325,1.5483379412610152,1.5747984420559114,0.7764342507466079,0.7704098141648198,0.7826585209046462,0.0
frozen_shuffled_42,309,29690,0.3058918713116314,0.2960965162764134,0.3158055317596295,0.5765491888233182,0.5688499526725471,0.584437468800897,1.551109336916253,1.5375016976657074,1.5646167531135875,0.7708018808273837,0.7654242638099912,0.7760812522867705,0.0868979454361738
frozen_shuffled_43,309,29690,0.30390887746684436,0.2944165635509867,0.3129681055270005,0.5775344353491131,0.569507511051886,0.5855485566448804,1.5521541305781323,1.5389420742798061,1.5654228143646762,0.7711267494092436,0.7660288966571038,0.7764542888124417,0.0868979454361738
frozen_shuffled_44,309,29690,0.30221143473570655,0.292108200076147,0.31163648550034895,0.5774030395329657,0.5692057300590142,0.5857307665461009,1.5512378726094878,1.538199666161052,1.5645107581243343,0.770691975487203,0.7654426432422482,0.7759061392955038,0.0868979454361738
frozen_shuffled,309,29690,0.30400406117139417,0.2945048596569156,0.3131696173615077,0.5771622212351323,0.5692878618743437,0.5848560258335628,1.5515004467012907,1.5384180648820072,1.5646268459122532,0.7708735352412771,0.7657544943019942,0.7759990981545711,0.0868979454361738
frozen_random_42,309,29690,0.297391966495336,0.2878726838631893,0.30720397867885013,0.5862080504262117,0.5781698352264317,0.5941050865114118,1.5648500370171914,1.55168277825732,1.5778684058176304,0.7789339595655094,0.7724772316508569,0.7851515163591429,6.736274840013472e-05
frozen_random_43,309,29690,0.3010168792436068,0.2912179944793451,0.31053747065169107,0.5890220614675215,0.5808306692472027,0.5973806383124987,1.5646492275152697,1.5510320602182088,1.5780709926898882,0.7789236145469596,0.7724189944890716,0.7853089356333662,3.368137420006736e-05
frozen_random_44,309,29690,0.29923377117837424,0.2892512215242084,0.3088300732914524,0.5875414460519917,0.57916633061531,0.5956008328336191,1.563231224228146,1.5494492437515048,1.5771865298161292,0.777772982518749,0.7714080116260582,0.7843646655813328,6.736274840013472e-05
frozen_random,309,29690,0.2992142056391058,0.29029091841698934,0.3084026323582291,0.5875905193152415,0.5799435027858864,0.5952188001935402,1.5642434962535352,1.5509914069243873,1.577299924020638,0.7785435188770725,0.7723357281865247,0.7847749761163791,5.613562366677893e-05
test_common_answer,309,29686,0.46543086490259533,0.45399910368678204,0.47710070435941354,0.7632615753960701,0.7556630893457708,0.7710714144827294,1.1504103947242796,1.1353017047760832,1.1653501102332287,0.6071202084683595,0.5998515096609587,0.614466629204138,0.0
test_price_aware,309,29686,0.47458277809505667,0.4632962513484357,0.4862003458341264,0.7724134885885314,0.7650491671425852,0.7801020297924995,1.1434562238936747,1.1278667808324765,1.1584365164891264,0.6005520627431928,0.5931994142659558,0.6079732447870527,0.0
test_human_retest,309,29686,0.5518005584110667,0.5396676105717368,0.5638290024747762,0.8156072614590606,0.8068416122004356,0.8239850897370816,,,,,,,0.0
sft_question_only,309,29690,0.4234469192207626,0.411191343042071,0.43500372802842807,0.7094744167354103,0.7006306303805233,0.7177021157222326,1.2752931309766604,1.2584528791912437,1.2927582138917668,0.6717133449338235,0.6647890033474749,0.6791190106024261,0.0
sft_full_history,309,29690,0.41760263976140605,0.4056610111682213,0.42847579161114274,0.7103504240962836,0.7014550936501893,0.718568377858155,1.2864388046711772,1.2673249713262786,1.3062745977882457,0.6727666928929051,0.6651324743831668,0.6809661832484439,0.0
sft_hybrid,309,29690,0.4002347864712226,0.38886485500348994,0.41046378260041866,0.6956902299215262,0.6876827622311058,0.7032626993569812,1.276026128595985,1.2590227897849777,1.2934573108324927,0.6682702249985795,0.6614393786481227,0.675671692625905,0.0
sft_shuffled_42,309,29690,0.4203835903293355,0.4084649248048733,0.4315994828352051,0.7113680436575924,0.7025663959219071,0.7195999418321806,1.2863982174340767,1.267339147077017,1.3061682336190845,0.6727608484462891,0.66515552721355,0.680984784727269,0.0
sft_shuffled_43,309,29690,0.41713465321403626,0.40529780601560994,0.4285332191128878,0.7090144679230914,0.700103875298771,0.7171674902701102,1.2866681499113652,1.2675300244476948,1.3064876943702666,0.6730396896985524,0.6653729565535406,0.6813417660336424,0.0
sft_shuffled_44,309,29690,0.41878291769782333,0.40651976648264465,0.4300037280284281,0.710560991602682,0.7017753513865094,0.7188799831313324,1.2872130784904916,1.2682746134614884,1.3070670390918584,0.6731528584220231,0.6654358588342189,0.6813227164195809,0.0
sft_shuffled,309,29690,0.418767053747065,0.4071255578822683,0.42973493982274663,0.7103145010611219,0.701632507085898,0.7184569902736354,1.2867598152786448,1.267647400971495,1.3063943546906387,0.6729844655222885,0.6653824083177553,0.6811676009384499,0.0
selected_calibrated_development,309,29690,0.41760263976140605,0.4056610111682213,0.42847579161114274,0.7103504240962836,0.7014550936501893,0.718568377858155,1.230176936617508,1.2192172101291066,1.2413209604932935,0.6511910757361467,0.6465883744091737,0.6560757567345293,0.0
test_selected_uncalibrated,309,29686,0.43222602957040407,0.4210552303445649,0.44337061361761526,0.7248604395371957,0.7172718996552234,0.7327693770226537,1.299788847382978,1.2788607618248609,1.3200493220306992,0.669905057087652,0.6616498870767777,0.6784978505189627,0.0
test_selected_calibrated,309,29686,0.43222602957040407,0.4210552303445649,0.44337061361761526,0.7248604395371957,0.7172718996552234,0.7327693770226537,1.2375876524245857,1.225698417509137,1.249159840307403,0.6498422851605243,0.6448548131151522,0.6549244715210992,0.0
