comparison,metric,mean,lo,hi
frozen_full_history minus frozen_question_only,exact,0.016365251602259028,0.0071239847071514605,0.025330208135033942
frozen_full_history minus frozen_question_only,agreement,0.011199589652473682,0.006051653552467361,0.016467762072466457
frozen_full_history minus frozen_question_only,nll,0.009903098275993494,-0.0013820102730875035,0.021180312642179195
frozen_full_history minus frozen_demographics,exact,0.005111364934323244,-0.0017123945047274611,0.011772717177485873
frozen_full_history minus frozen_demographics,agreement,-0.0009906296930854482,-0.005545123950335269,0.0035964398650506525
frozen_full_history minus frozen_demographics,nll,-0.027747097085306323,-0.03733443312720854,-0.017208089676219986
frozen_full_history minus frozen_shuffled,exact,-0.001056539120502568,-0.005277420838885714,0.0030207341836410943
frozen_full_history minus frozen_shuffled,agreement,-0.001387584519604318,-0.004491387461133322,0.0016190766651860324
frozen_full_history minus frozen_shuffled,nll,0.000786609328333877,-0.0022702291025136394,0.00407642813892693
sft_full_history minus sft_shuffled,exact,-0.0011644139856589871,-0.004196570213846055,0.002030678236774754
sft_full_history minus sft_shuffled,agreement,3.592303516156364e-05,-0.0012275238664325846,0.0012601674704401712
sft_full_history minus sft_shuffled,nll,-0.00032101060746722636,-0.00165363721594741,0.0011171166113393472
sft_question_only minus frozen_question_only,exact,0.13686464877213017,0.12307970842058504,0.14932403705818897
sft_question_only minus frozen_question_only,agreement,0.1448993696723564,0.1362276186094717,0.15326583486684842
sft_question_only minus frozen_question_only,nll,-0.26709082677697116,-0.28490955896016623,-0.24896194470825808
sft_full_history minus frozen_full_history,exact,0.11465511771051463,0.10255076464242656,0.12653654261057173
sft_full_history minus frozen_full_history,agreement,0.13457578738075596,0.12618945496753176,0.1426262500793197
sft_full_history minus frozen_full_history,nll,-0.2658482513584473,-0.2848910217689941,-0.2469108835934481
sft_full_history minus sft_question_only,exact,-0.005844279459356555,-0.011586831334475533,0.0003253696300526648
sft_full_history minus sft_question_only,agreement,0.0008760073608731503,-0.0014223763669437535,0.0031998884235463296
sft_full_history minus sft_question_only,nll,0.011145673694517307,0.00700854741993737,0.015645062526376634
sft_full_history minus price_aware,exact,-0.04115902024240118,-0.049699259153499584,-0.032665857605178
sft_full_history minus price_aware,agreement,-0.05124757281553399,-0.05710482237663134,-0.04510785080483111
sft_full_history minus price_aware,nll,0.14194947213090756,0.13036326175802357,0.15318699907072283
frozen_hybrid minus frozen_full_history,exact,-0.005300145948346975,-0.012228250523510373,0.0013565660892188626
frozen_hybrid minus frozen_full_history,agreement,0.004921145588764101,0.000400313048628297,0.009378134452270653
frozen_hybrid minus frozen_full_history,nll,0.009477406929507349,0.001940381813819089,0.01710386253731519
frozen_hybrid minus frozen_random,exact,-0.0015668295365611155,-0.0064332286312583226,0.003134267191234638
frozen_hybrid minus frozen_random,agreement,-0.006894737010949649,-0.01066489572096368,-0.003095647903138244
frozen_hybrid minus frozen_random,nll,-0.0024790332944035058,-0.0070567837116769444,0.002296921221205582
frozen_hybrid minus frozen_bm25,exact,-0.0013119487277111507,-0.006850053937432579,0.004291714258518935
frozen_hybrid minus frozen_bm25,agreement,-0.01756366732237658,-0.021882182139306584,-0.01288636202593223
frozen_hybrid minus frozen_bm25,nll,0.003851250906357976,-0.00302786429603953,0.01049054885734658
frozen_hybrid minus frozen_semantic,exact,-0.00043784504092899453,-0.003741116187575355,0.002867290119931466
frozen_hybrid minus frozen_semantic,agreement,-0.0009812276582693488,-0.003711798548977304,0.0016774081477251093
frozen_hybrid minus frozen_semantic,nll,-0.006279586658931333,-0.010747799008426808,-0.001766919396869174
sft_hybrid minus sft_full_history,exact,-0.017367853290183387,-0.025537510311567993,-0.00915639475855067
sft_hybrid minus sft_full_history,agreement,-0.01466019417475728,-0.02010328701059711,-0.009144670505742747
sft_hybrid minus sft_full_history,nll,-0.01041267607519236,-0.014961536392580336,-0.00605187313604315
