condition,task,exact,agreement,nll,brier,invalid
common_answer,Absolute vs relative,0.6990291262135923,0.6990291262135923,0.616361193548669,0.4246013141134254,0.0
common_answer,Affect heuristic,0.33576051779935273,0.8191747572815534,1.5747261560030448,0.7600958890083137,0.0
common_answer,Allais choices,0.5760517799352751,0.5760517799352751,0.7050396193371129,0.5093185263800569,0.0
common_answer,Anchoring,0.8009708737864077,0.8009708737864077,0.4767359627552545,0.3064572005857817,0.0
common_answer,Base-rate neglect,0.21035598705501618,0.8353074433656958,,,0.0
common_answer,Conjunction,0.3592233009708738,0.8198489751887811,1.5282379606689267,0.7503207413683026,0.0
common_answer,Disease framing,0.31715210355987056,0.8071197411003236,1.6032491878474966,0.7720583253948081,0.0
common_answer,False consensus,0.20987055016181227,0.7682411003236246,1.4349887254380667,0.7263789751305303,0.0
common_answer,Less is More (combined),0.39697950377562025,0.740237324703344,1.3997253167196697,0.7071546411945646,0.0
common_answer,Myside bias,0.3268608414239482,0.7941747572815533,1.5617870410846062,0.7641719823741558,0.0
common_answer,Omission bias,0.42394822006472493,0.7464940668824166,1.309458835021722,0.7087952497627902,0.0
common_answer,Outcome bias,0.4692556634304207,0.8565264293419634,1.4601762755654668,0.7098563114133222,0.0
common_answer,Pricing,0.5385113268608414,0.5385113268608414,0.6925106650517234,0.49932282178589227,0.0
common_answer,Probability matching,0.7755124056094931,0.7755124056094931,0.49990720770543057,0.32780262008414107,0.0
common_answer,Ratio bias,0.5857605177993528,0.5857605177993528,0.6821834472596453,0.48890846752500605,0.0
common_answer,Sunk cost,0.24919093851132687,0.7889967637540454,,,0.0
common_answer,WTA / WTP,0.3656957928802589,0.8363897878460985,1.7183318825079474,0.7687418944979242,0.0
price_aware,Absolute vs relative,0.6990291262135923,0.6990291262135923,0.616361193548669,0.4246013141134254,0.0
price_aware,Affect heuristic,0.33576051779935273,0.8191747572815534,1.5747261560030448,0.7600958890083137,0.0
price_aware,Allais choices,0.5760517799352751,0.5760517799352751,0.7050396193371129,0.5093185263800569,0.0
price_aware,Anchoring,0.8009708737864077,0.8009708737864077,0.4767359627552545,0.3064572005857817,0.0
price_aware,Base-rate neglect,0.21035598705501618,0.8353074433656958,,,0.0
price_aware,Conjunction,0.3592233009708738,0.8198489751887811,1.5282379606689267,0.7503207413683026,0.0
price_aware,Disease framing,0.31715210355987056,0.8071197411003236,1.6032491878474966,0.7720583253948081,0.0
price_aware,False consensus,0.20987055016181227,0.7682411003236246,1.4349887254380667,0.7263789751305303,0.0
price_aware,Less is More (combined),0.39697950377562025,0.740237324703344,1.3997253167196697,0.7071546411945646,0.0
price_aware,Myside bias,0.3268608414239482,0.7941747572815533,1.5617870410846062,0.7641719823741558,0.0
price_aware,Omission bias,0.42394822006472493,0.7464940668824166,1.309458835021722,0.7087952497627902,0.0
price_aware,Outcome bias,0.4692556634304207,0.8565264293419634,1.4601762755654668,0.7098563114133222,0.0
price_aware,Pricing,0.6973300970873786,0.6973300970873786,0.5964311766409877,0.4080500828831415,0.0
price_aware,Probability matching,0.7755124056094931,0.7755124056094931,0.49990720770543057,0.32780262008414107,0.0
price_aware,Ratio bias,0.5857605177993528,0.5857605177993528,0.6821834472596453,0.48890846752500605,0.0
price_aware,Sunk cost,0.24919093851132687,0.7889967637540454,,,0.0
price_aware,WTA / WTP,0.3656957928802589,0.8363897878460985,1.7183318825079474,0.7687418944979242,0.0
human_retest,Absolute vs relative,0.8025889967637541,0.8025889967637541,,,0.0
human_retest,Affect heuristic,0.4587378640776699,0.8615830636461705,,,0.0
human_retest,Allais choices,0.7508090614886731,0.7508090614886731,,,0.0
human_retest,Anchoring,0.8058252427184466,0.8058252427184466,,,0.0
human_retest,Base-rate neglect,0.30097087378640774,0.844401294498382,,,0.0
human_retest,Conjunction,0.38295577130528585,0.8166127292340883,,,0.0
human_retest,Disease framing,0.3818770226537217,0.8071197411003236,,,0.0
human_retest,False consensus,0.3542071197411003,0.8596423948220066,,,0.0
human_retest,Less is More (combined),0.5307443365695793,0.8349514563106796,,,0.0
human_retest,Myside bias,0.4336569579288026,0.8362459546925566,,,0.0
human_retest,Omission bias,0.5242718446601942,0.7907227615965481,,,0.0
human_retest,Outcome bias,0.4854368932038835,0.8710895361380797,,,0.0
human_retest,Pricing,0.8328478964401296,0.8328478964401296,,,0.0
human_retest,Probability matching,0.7639697950377562,0.7639697950377562,,,0.0
human_retest,Ratio bias,0.6828478964401294,0.6828478964401294,,,0.0
human_retest,Sunk cost,0.33980582524271846,0.7898058252427185,,,0.0
human_retest,WTA / WTP,0.5048543689320388,0.8967997123336928,,,0.0
frozen_question_only,Absolute vs relative,0.5048543689320388,0.5048543689320388,0.7062179451765794,0.5130531943045286,0.0
frozen_question_only,Affect heuristic,0.1076051779935275,0.5468581445523193,2.783472124787981,1.0859613220602584,0.0
frozen_question_only,Allais choices,0.4919093851132686,0.4919093851132686,0.838439337756601,0.6243239225001308,0.0
frozen_question_only,Anchoring,0.558252427184466,0.558252427184466,0.7260951740554171,0.5322950997880121,0.0
frozen_question_only,Base-rate neglect,0.0,0.3846278317152103,,,0.0
frozen_question_only,Conjunction,0.07874865156418553,0.5264293419633226,2.477807574899887,1.0627486971266868,0.0
frozen_question_only,Disease framing,0.2297734627831715,0.717799352750809,1.8213735523675283,0.8393019840113982,0.0
frozen_question_only,False consensus,0.17993527508090615,0.6008996763754045,2.137020260456191,0.9812310928081533,0.0
frozen_question_only,Less is More (combined),0.2481121898597627,0.6030744336569579,1.5691556984507178,0.7786462975580458,0.0
frozen_question_only,Myside bias,0.22330097087378642,0.7650485436893203,1.7463069841466308,0.8200790361852194,0.0
frozen_question_only,Omission bias,0.42394822006472493,0.7464940668824166,1.5438873468038605,0.7853271897752182,0.0
frozen_question_only,Outcome bias,0.13268608414239483,0.6823085221143473,1.8320666512726882,0.8246386378853046,0.0
frozen_question_only,Pricing,0.46148867313915864,0.46148867313915864,0.7343126830329391,0.5401555273375523,0.0
frozen_question_only,Probability matching,0.49341963322545845,0.49341963322545845,1.11736149585169,0.7292434590387236,0.0
frozen_question_only,Ratio bias,0.5857605177993528,0.5857605177993528,0.7109041326991904,0.5141020371539546,0.0
frozen_question_only,Sunk cost,0.13268608414239483,0.7142394822006473,,,0.0
frozen_question_only,WTA / WTP,0.019417475728155338,0.21431139877741823,2.3913384045465658,0.9288625912977186,0.0
frozen_demographics,Absolute vs relative,0.5048543689320388,0.5048543689320388,0.7366288464747142,0.5415354543304743,0.0
frozen_demographics,Affect heuristic,0.10436893203883495,0.5394417475728155,3.047228559547985,1.1243092728654884,0.0
frozen_demographics,Allais choices,0.4919093851132686,0.4919093851132686,0.8419869639129522,0.627715689118325,0.0
frozen_demographics,Anchoring,0.558252427184466,0.558252427184466,0.7296671826832822,0.5324153926861457,0.0
frozen_demographics,Base-rate neglect,0.0,0.3846278317152103,,,0.0
frozen_demographics,Conjunction,0.06364617044228695,0.5296655879180151,2.58891663751461,1.1371358852284326,0.0
frozen_demographics,Disease framing,0.2297734627831715,0.720388349514563,1.7550507316185961,0.8228311505383354,0.0
frozen_demographics,False consensus,0.16844660194174757,0.5960064724919094,2.232140928768742,1.011533244559155,0.0
frozen_demographics,Less is More (combined),0.3042071197411003,0.6910463861920172,1.5437439149572953,0.7637315114616775,0.0
frozen_demographics,Myside bias,0.2815533980582524,0.7935275080906149,1.6142787711835005,0.7802460299346486,0.0
frozen_demographics,Omission bias,0.1488673139158576,0.5221143473570659,1.7652637348536933,0.8815806324544405,0.0
frozen_demographics,Outcome bias,0.4692556634304207,0.8565264293419634,1.6260530327559133,0.7555012451937759,0.0
frozen_demographics,Pricing,0.46148867313915864,0.46148867313915864,0.7965325811995271,0.5961839896716866,0.0
frozen_demographics,Probability matching,0.49341963322545845,0.49341963322545845,1.1837975100026399,0.7134141989013795,0.0
frozen_demographics,Ratio bias,0.5857605177993528,0.5857605177993528,0.6932487172154025,0.49888067665663005,0.0
frozen_demographics,Sunk cost,0.13268608414239483,0.7142394822006473,,,0.0
frozen_demographics,WTA / WTP,0.06472491909385113,0.3617403811578569,2.5459741840351118,0.9505942021476862,0.0
frozen_full_history,Absolute vs relative,0.49838187702265374,0.49838187702265374,0.6941701129347226,0.5010246444839737,0.0
frozen_full_history,Affect heuristic,0.13349514563106796,0.5784789644012945,2.6806340489136025,1.1243572442537968,0.0
frozen_full_history,Allais choices,0.4919093851132686,0.4919093851132686,0.7958930333078332,0.59118426471528,0.0
frozen_full_history,Anchoring,0.5566343042071198,0.5566343042071198,0.7141609167092305,0.5203037271675377,0.0
frozen_full_history,Base-rate neglect,0.0,0.3846278317152103,,,0.0
frozen_full_history,Conjunction,0.06688241639697949,0.5322545846817691,2.700041129211625,1.1312281803298014,0.0
frozen_full_history,Disease framing,0.284789644012945,0.7799352750809061,1.7581568049666632,0.8199427011615317,0.0
frozen_full_history,False consensus,0.13980582524271845,0.34652912621359216,2.204438418035305,1.006374479905511,0.4174757281553398
frozen_full_history,Less is More (combined),0.25026968716289105,0.713376483279396,1.6701815471617802,0.8290221168732596,0.0
frozen_full_history,Myside bias,0.2750809061488673,0.7922330097087378,1.6201679255487746,0.7813004894155097,0.0
frozen_full_history,Omission bias,0.1488673139158576,0.5124056094929882,1.6812129391980537,0.9373275044040913,0.0
frozen_full_history,Outcome bias,0.43042071197411,0.8446601941747572,1.6589550259937176,0.7717107168611018,0.0
frozen_full_history,Pricing,0.46148867313915864,0.46148867313915864,0.7380334196521454,0.5436430271890891,0.0
frozen_full_history,Probability matching,0.6386192017259978,0.6386192017259978,0.811680600529179,0.5468098351757297,0.0
frozen_full_history,Ratio bias,0.5857605177993528,0.5857605177993528,0.6772057836000169,0.48413670571045264,0.0
frozen_full_history,Sunk cost,0.11650485436893204,0.676051779935275,,,0.0
frozen_full_history,WTA / WTP,0.07119741100323625,0.3948220064724919,2.8793741346817203,0.9815556030576621,0.0
frozen_bm25,Absolute vs relative,0.5728155339805825,0.5728155339805825,0.6845331512662856,0.4913686591250888,0.0
frozen_bm25,Affect heuristic,0.13349514563106796,0.5776699029126213,2.586939713213554,1.0674851354837835,0.0
frozen_bm25,Allais choices,0.4919093851132686,0.4919093851132686,0.864890842392423,0.6442998100498738,0.0
frozen_bm25,Anchoring,0.558252427184466,0.558252427184466,0.7225592854134211,0.5269969338813778,0.0
frozen_bm25,Base-rate neglect,0.0,0.3846278317152103,,,0.0
frozen_bm25,Conjunction,0.07119741100323625,0.5402373247033441,2.6134429691396734,1.1073275376011897,0.0
frozen_bm25,Disease framing,0.2297734627831715,0.7223300970873786,1.8493135596916035,0.8430636253642649,0.0
frozen_bm25,False consensus,0.15776699029126215,0.5837152103559871,2.202342654447282,0.9936151812428586,0.0
frozen_bm25,Less is More (combined),0.2610571736785329,0.7155339805825242,1.5787764262563622,0.7918640956946024,0.0
frozen_bm25,Myside bias,0.27184466019417475,0.7928802588996764,1.632200667766967,0.7868809662872361,0.0
frozen_bm25,Omission bias,0.1488673139158576,0.517799352750809,1.6193425615087664,0.8459323291841191,0.0
frozen_bm25,Outcome bias,0.47249190938511326,0.8570658036677455,1.6250472993034295,0.7576283383137872,0.0
frozen_bm25,Pricing,0.46148867313915864,0.46148867313915864,0.7814329971222206,0.5831147053298201,0.0
frozen_bm25,Probability matching,0.5037756202804746,0.5037756202804746,1.10209963368518,0.6985291334701087,0.0
frozen_bm25,Ratio bias,0.5857605177993528,0.5857605177993528,0.6884910036744173,0.49457002104083586,0.0
frozen_bm25,Sunk cost,0.11326860841423948,0.665210355987055,,,0.0
frozen_bm25,WTA / WTP,0.04854368932038835,0.6393383674937072,2.8172854159100247,0.9974283386727992,0.0
frozen_semantic,Absolute vs relative,0.5048543689320388,0.5048543689320388,0.7145328490683821,0.5208856450964365,0.0
frozen_semantic,Affect heuristic,0.09668284789644013,0.5114617044228695,2.8849400553580207,1.1158918510440736,0.0
frozen_semantic,Allais choices,0.4919093851132686,0.4919093851132686,0.8933380141759653,0.6649597899610998,0.0
frozen_semantic,Anchoring,0.558252427184466,0.558252427184466,0.7031423537922965,0.5086411080258381,0.0
frozen_semantic,Base-rate neglect,0.0,0.384663430420712,,,0.0
frozen_semantic,Conjunction,0.06364617044228695,0.5296655879180151,2.8526738855085845,1.2375241113065247,0.0
frozen_semantic,Disease framing,0.2297734627831715,0.717799352750809,1.7101296520366769,0.8114772949621265,0.0
frozen_semantic,False consensus,0.170873786407767,0.6049514563106796,2.182388054760763,1.0026959516169331,0.0
frozen_semantic,Less is More (combined),0.27723840345199563,0.7174217907227615,1.5700156182333025,0.7785336369893064,0.0
frozen_semantic,Myside bias,0.22653721682847897,0.7831715210355987,1.6646223575602963,0.794205534052237,0.0
frozen_semantic,Omission bias,0.1488673139158576,0.5124056094929882,1.6579883169366532,0.8848697434335488,0.0
frozen_semantic,Outcome bias,0.4563106796116505,0.8527508090614887,1.6326275623446374,0.7615150446194469,0.0
frozen_semantic,Pricing,0.46148867313915864,0.46148867313915864,0.8038427720814071,0.6021932651423771,0.0
frozen_semantic,Probability matching,0.6107874865156419,0.6107874865156419,1.0075242991977087,0.6074440901073808,0.0
frozen_semantic,Ratio bias,0.5857605177993528,0.5857605177993528,0.6958311043008585,0.5012103461336999,0.0
frozen_semantic,Sunk cost,0.11974110032362459,0.6922330097087379,,,0.0
frozen_semantic,WTA / WTP,0.06472491909385113,0.36893203883495146,2.547063848915399,0.9531246277130243,0.0
frozen_hybrid,Absolute vs relative,0.5016181229773463,0.5016181229773463,0.6886425221631682,0.495525613090664,0.0
frozen_hybrid,Affect heuristic,0.11124595469255663,0.5391720604099246,2.8252336765460573,1.1186850332682297,0.0
frozen_hybrid,Allais choices,0.4919093851132686,0.4919093851132686,0.9014306682433019,0.6699092705494802,0.0
frozen_hybrid,Anchoring,0.5550161812297735,0.5550161812297735,0.7411943549645517,0.5448098075725,0.0
frozen_hybrid,Base-rate neglect,0.0,0.3846278317152103,,,0.0
frozen_hybrid,Conjunction,0.08414239482200646,0.5495145631067959,2.7871585725631687,1.1468882963723677,0.0
frozen_hybrid,Disease framing,0.22653721682847897,0.7171521035598705,1.7553907039646617,0.8225956294869023,0.0
frozen_hybrid,False consensus,0.15728155339805824,0.5824045307443365,2.252636551112112,0.9947097766903747,0.0
frozen_hybrid,Less is More (combined),0.27076591154261054,0.7180690399137001,1.5736072326961623,0.7826691822144302,0.0
frozen_hybrid,Myside bias,0.2297734627831715,0.7831715210355986,1.6494998632232347,0.78957166094685,0.0
frozen_hybrid,Omission bias,0.16828478964401294,0.5199568500539375,1.6167838852015675,0.8589915973403379,0.0
frozen_hybrid,Outcome bias,0.4627831715210356,0.8522114347357065,1.6450334106510596,0.7645023003401132,0.0
frozen_hybrid,Pricing,0.46148867313915864,0.46148867313915864,0.7814055176512399,0.5830786010741327,0.0
frozen_hybrid,Probability matching,0.5689320388349515,0.5689320388349515,1.0013791805905707,0.6264296853511881,0.0
frozen_hybrid,Ratio bias,0.5857605177993528,0.5857605177993528,0.6930362904433953,0.49882049823236413,0.0
frozen_hybrid,Sunk cost,0.1262135922330097,0.696925566343042,,,0.0
frozen_hybrid,WTA / WTP,0.05825242718446602,0.3638978784609853,2.514034514372729,0.9493268086691856,0.0
frozen_shuffled_42,Absolute vs relative,0.5242718446601942,0.5242718446601942,0.690529335749001,0.4973917361767408,0.0
frozen_shuffled_42,Affect heuristic,0.13673139158576053,0.581445523193096,2.6749516565702427,1.1222306275782001,0.0
frozen_shuffled_42,Allais choices,0.4919093851132686,0.4919093851132686,0.7934548337077545,0.5893533259056045,0.0
frozen_shuffled_42,Anchoring,0.5550161812297735,0.5550161812297735,0.7129201730504272,0.5191063929025049,0.0
frozen_shuffled_42,Base-rate neglect,0.0,0.3846278317152103,,,0.0
frozen_shuffled_42,Conjunction,0.06472491909385113,0.5309600862998921,2.7070371095920973,1.1351799856305589,0.0
frozen_shuffled_42,Disease framing,0.284789644012945,0.7708737864077669,1.763784760147713,0.821596811713093,0.0
frozen_shuffled_42,False consensus,0.14207119741100324,0.3482977346278317,2.1947397941204274,1.0021530926678253,0.4174757281553398
frozen_shuffled_42,Less is More (combined),0.25026968716289105,0.713376483279396,1.6758419197279661,0.8307854351887324,0.0
frozen_shuffled_42,Myside bias,0.2750809061488673,0.7928802588996763,1.6180033817336092,0.7804235628862646,0.0
frozen_shuffled_42,Omission bias,0.1488673139158576,0.5124056094929882,1.671099673929798,0.9341777160475696,0.0
frozen_shuffled_42,Outcome bias,0.4563106796116505,0.8505933117583604,1.6497544795880863,0.7687650928142463,0.0
frozen_shuffled_42,Pricing,0.46148867313915864,0.46148867313915864,0.7383519740116239,0.5439542375566606,0.0
frozen_shuffled_42,Probability matching,0.6351672060409925,0.6351672060409925,0.816201835274026,0.5508497562551581,0.0
frozen_shuffled_42,Ratio bias,0.5857605177993528,0.5857605177993528,0.6780148441356119,0.4849235059252265,0.0
frozen_shuffled_42,Sunk cost,0.12297734627831715,0.6775080906148867,,,0.0
frozen_shuffled_42,WTA / WTP,0.06472491909385113,0.38475368572455954,2.881954282405408,0.9811369331623716,0.0
frozen_shuffled_43,Absolute vs relative,0.5372168284789643,0.5372168284789643,0.690036422521422,0.49689496157783797,0.0
frozen_shuffled_43,Affect heuristic,0.13106796116504854,0.5791531823085222,2.6855769095618025,1.1259241159483826,0.0
frozen_shuffled_43,Allais choices,0.4919093851132686,0.4919093851132686,0.7900385187319598,0.5868962455525516,0.0
frozen_shuffled_43,Anchoring,0.5566343042071198,0.5566343042071198,0.7115796018686312,0.5177695033970379,0.0
frozen_shuffled_43,Base-rate neglect,0.0,0.3846278317152103,,,0.0
frozen_shuffled_43,Conjunction,0.06472491909385113,0.5296655879180151,2.694720408095261,1.1316474494519517,0.0
frozen_shuffled_43,Disease framing,0.28802588996763756,0.774757281553398,1.7655504821958494,0.8221039278674801,0.0
frozen_shuffled_43,False consensus,0.13786407766990294,0.3466812297734628,2.215471994447703,1.0091991118840815,0.4174757281553398
frozen_shuffled_43,Less is More (combined),0.25026968716289105,0.713376483279396,1.6752685181569045,0.8301316438075566,0.0
frozen_shuffled_43,Myside bias,0.2588996763754045,0.7922330097087378,1.6269544643795666,0.7835228871006692,0.0
frozen_shuffled_43,Omission bias,0.1488673139158576,0.5124056094929882,1.663009053395006,0.9324610545846778,0.0
frozen_shuffled_43,Outcome bias,0.4401294498381877,0.8473570658036679,1.6553525050388658,0.7710723694533583,0.0
frozen_shuffled_43,Pricing,0.46148867313915864,0.46148867313915864,0.737039179311181,0.5427217752074339,0.0
frozen_shuffled_43,Probability matching,0.635598705501618,0.635598705501618,0.818114861484008,0.5515926832450697,0.0
frozen_shuffled_43,Ratio bias,0.5857605177993528,0.5857605177993528,0.6763967201495407,0.48338986684143803,0.0
frozen_shuffled_43,Sunk cost,0.11003236245954692,0.6715210355987055,,,0.0
frozen_shuffled_43,WTA / WTP,0.06796116504854369,0.3976986695433297,2.877202319334282,0.9815736452191295,0.0
frozen_shuffled_44,Absolute vs relative,0.5275080906148867,0.5275080906148867,0.6890189243869072,0.4958807989537012,0.0
frozen_shuffled_44,Affect heuristic,0.13592233009708737,0.5823894282632147,2.680659332863691,1.1242975917259677,0.0
frozen_shuffled_44,Allais choices,0.4919093851132686,0.4919093851132686,0.7938755271153457,0.5898767360509236,0.0
frozen_shuffled_44,Anchoring,0.5533980582524272,0.5533980582524272,0.7128903132458801,0.5191218873177159,0.0
frozen_shuffled_44,Base-rate neglect,0.0,0.3846278317152103,,,0.0
frozen_shuffled_44,Conjunction,0.06472491909385113,0.5311758360302049,2.699604920814759,1.1314180485439573,0.0
frozen_shuffled_44,Disease framing,0.2524271844660194,0.7605177993527508,1.7695351886450612,0.8244760228290301,0.0
frozen_shuffled_44,False consensus,0.13932038834951455,0.34856472491909385,2.194021751862256,1.0011118075151908,0.4174757281553398
frozen_shuffled_44,Less is More (combined),0.25026968716289105,0.713376483279396,1.6797572656533786,0.8323138318874702,0.0
frozen_shuffled_44,Myside bias,0.2686084142394822,0.7941747572815533,1.6127548398154792,0.7783481905015242,0.0
frozen_shuffled_44,Omission bias,0.1488673139158576,0.5124056094929882,1.6662452990591297,0.9324467518328989,0.0
frozen_shuffled_44,Outcome bias,0.44336569579288027,0.848435814455232,1.6551889293653357,0.7712330404883485,0.0
frozen_shuffled_44,Pricing,0.46148867313915864,0.46148867313915864,0.7381052929900696,0.5437269812348419,0.0
frozen_shuffled_44,Probability matching,0.6392664509169363,0.6392664509169363,0.8075314555022564,0.5448906774971387,0.0
frozen_shuffled_44,Ratio bias,0.5857605177993528,0.5857605177993528,0.6816556210821363,0.48842158621123394,0.0
frozen_shuffled_44,Sunk cost,0.11003236245954692,0.6881877022653721,,,0.0
frozen_shuffled_44,WTA / WTP,0.06472491909385113,0.3926645091693636,2.887723426740625,0.9828156797181079,0.0
frozen_shuffled,Absolute vs relative,0.5296655879180152,0.5296655879180152,0.6898615608857767,0.4967224989027601,0.0
frozen_shuffled,Affect heuristic,0.13457389428263214,0.5809960445882776,2.6803959663319126,1.1241507784175169,0.0
frozen_shuffled,Allais choices,0.4919093851132686,0.4919093851132686,0.79245629318502,0.5887087691696933,0.0
frozen_shuffled,Anchoring,0.5550161812297735,0.5550161812297735,0.7124633627216462,0.5186659278724197,0.0
frozen_shuffled,Base-rate neglect,0.0,0.3846278317152103,,,0.0
frozen_shuffled,Conjunction,0.06472491909385113,0.5306005034160375,2.7004541461673726,1.1327484945421558,0.0
frozen_shuffled,Disease framing,0.2750809061488673,0.7687162891046385,1.7662901436628748,0.8227255874698677,0.0
frozen_shuffled,False consensus,0.13975188781014025,0.3478478964401294,2.2014111801434617,1.0041546706890327,0.4174757281553398
frozen_shuffled,Less is More (combined),0.25026968716289105,0.713376483279396,1.6769559011794164,0.8310769702945863,0.0
frozen_shuffled,Myside bias,0.26752966558791796,0.7930960086299892,1.6192375619762185,0.7807648801628192,0.0
frozen_shuffled,Omission bias,0.1488673139158576,0.5124056094929881,1.6667846754613114,0.9330285074883823,0.0
frozen_shuffled,Outcome bias,0.44660194174757284,0.8487953973390866,1.6534319713307624,0.7703568342519844,0.0
frozen_shuffled,Pricing,0.46148867313915864,0.46148867313915864,0.7378321487709582,0.5434676646663122,0.0
frozen_shuffled,Probability matching,0.6366774541531822,0.6366774541531822,0.8139493840867634,0.5491110389991222,0.0
frozen_shuffled,Ratio bias,0.5857605177993528,0.5857605177993528,0.6786890617890964,0.4855783196592995,0.0
frozen_shuffled,Sunk cost,0.11434735706580365,0.6790722761596548,,,0.0
frozen_shuffled,WTA / WTP,0.06580366774541531,0.3917056214790843,2.8822933428267716,0.9818420860332029,0.0
frozen_random_42,Absolute vs relative,0.47572815533980584,0.47572815533980584,0.6996695584571769,0.5064664320921309,0.0
frozen_random_42,Affect heuristic,0.11084142394822007,0.5384304207119741,2.875239274201838,1.11476099017721,0.0
frozen_random_42,Allais choices,0.4919093851132686,0.4919093851132686,0.9153830139241652,0.6754433943690022,0.0
frozen_random_42,Anchoring,0.5420711974110033,0.5420711974110033,0.7288494933379913,0.5332969891302268,0.0016181229773462784
frozen_random_42,Base-rate neglect,0.0,0.38474271844660196,,,0.0
frozen_random_42,Conjunction,0.06688241639697949,0.5439050701186623,2.7081884734456207,1.1578287973338277,0.0
frozen_random_42,Disease framing,0.23948220064724918,0.7268608414239481,1.7443864392696837,0.8200384030522407,0.0
frozen_random_42,False consensus,0.16909385113268607,0.5932087378640777,2.177517961193696,0.9971559271318196,0.0
frozen_random_42,Less is More (combined),0.2804746494066882,0.7166666666666667,1.5733524043183098,0.7779725808713278,0.0
frozen_random_42,Myside bias,0.2977346278317152,0.798705501618123,1.6566532831465215,0.7928973846325083,0.0
frozen_random_42,Omission bias,0.14563106796116504,0.511326860841424,1.683684828397849,0.8903533447562015,0.0
frozen_random_42,Outcome bias,0.40129449838187703,0.8241639697950377,1.6626297404268784,0.7740004522717845,0.0
frozen_random_42,Pricing,0.46148867313915864,0.46148867313915864,0.7772926523249144,0.5792725872324294,0.0
frozen_random_42,Probability matching,0.5898597626752966,0.5898597626752966,1.0106456385048055,0.6204017178445708,0.0
frozen_random_42,Ratio bias,0.5857605177993528,0.5857605177993528,0.6824486928979184,0.48906776043023675,0.0
frozen_random_42,Sunk cost,0.13268608414239483,0.7085760517799352,,,0.0
frozen_random_42,WTA / WTP,0.06472491909385113,0.4721323265012585,2.5768091014104977,0.9550526321571193,0.0
frozen_random_43,Absolute vs relative,0.517799352750809,0.517799352750809,0.6971640816224312,0.5039836381777568,0.0
frozen_random_43,Affect heuristic,0.11488673139158576,0.5433522114347358,2.8729149229134263,1.1113333006431145,0.0
frozen_random_43,Allais choices,0.4919093851132686,0.4919093851132686,0.9213031717206995,0.6792890786179246,0.0
frozen_random_43,Anchoring,0.5469255663430421,0.5469255663430421,0.7279163594363866,0.5324392568935051,0.0008090614886731392
frozen_random_43,Base-rate neglect,0.0,0.3846779935275081,,,0.0
frozen_random_43,Conjunction,0.07119741100323625,0.5454153182308522,2.718472442478762,1.1635271570794776,0.0
frozen_random_43,Disease framing,0.23300970873786409,0.7255663430420711,1.738418014612698,0.8179348017468436,0.0
frozen_random_43,False consensus,0.17233009708737865,0.597705501618123,2.1869910259139878,0.9996507744539561,0.0
frozen_random_43,Less is More (combined),0.29018338727076587,0.7200107874865157,1.559793957668785,0.7731352615438315,0.0
frozen_random_43,Myside bias,0.313915857605178,0.7948220064724919,1.6512942238120847,0.7897411723023567,0.0
frozen_random_43,Omission bias,0.1488673139158576,0.5124056094929882,1.6806528652536539,0.8910190193952062,0.0
frozen_random_43,Outcome bias,0.4045307443365696,0.8220064724919094,1.6646252801997397,0.7738969191869224,0.0
frozen_random_43,Pricing,0.461569579288026,0.461569579288026,0.7775497016518674,0.5795193106903344,0.0
frozen_random_43,Probability matching,0.5799352750809061,0.5799352750809061,1.0105059424158793,0.6256682678494233,0.0
frozen_random_43,Ratio bias,0.5728155339805825,0.5728155339805825,0.6804990370833909,0.4874924010977273,0.0
frozen_random_43,Sunk cost,0.13268608414239483,0.7124595469255663,,,0.0
frozen_random_43,WTA / WTP,0.06472491909385113,0.48399856166846456,2.5816373859452573,0.9552238585260164,0.0
frozen_random_44,Absolute vs relative,0.517799352750809,0.517799352750809,0.6922077237368319,0.49907138109703914,0.0
frozen_random_44,Affect heuristic,0.11245954692556634,0.5390372168284789,2.879297956484513,1.11436333567499,0.0
frozen_random_44,Allais choices,0.4919093851132686,0.4919093851132686,0.9169128784138297,0.6762889253499756,0.0
frozen_random_44,Anchoring,0.5372168284789643,0.5372168284789643,0.7310898853846727,0.5355960058340735,0.0016181229773462784
frozen_random_44,Base-rate neglect,0.0,0.3847090614886732,,,0.0
frozen_random_44,Conjunction,0.06903991370010787,0.5395900755124055,2.7141420736462956,1.156020437408859,0.0
frozen_random_44,Disease framing,0.23948220064724918,0.7275080906148866,1.7444951413119445,0.8196343515996592,0.0
frozen_random_44,False consensus,0.17006472491909383,0.5881278478964401,2.1849555490593957,0.999684860744067,0.0
frozen_random_44,Less is More (combined),0.2750809061488673,0.7174757281553398,1.559659133869951,0.7737941498584204,0.0
frozen_random_44,Myside bias,0.30097087378640774,0.7999999999999999,1.6440642782516455,0.7877868108409494,0.0
frozen_random_44,Omission bias,0.1488673139158576,0.5124056094929882,1.6779659170248837,0.8872356032408787,0.0
frozen_random_44,Outcome bias,0.4110032362459547,0.8317152103559871,1.6690448847016885,0.775194531087612,0.0
frozen_random_44,Pricing,0.4614077669902913,0.4614077669902913,0.7763764928615202,0.5784807598687708,0.0
frozen_random_44,Probability matching,0.5782092772384035,0.5782092772384035,0.9975505917161805,0.6203267941608053,0.0
frozen_random_44,Ratio bias,0.5760517799352751,0.5760517799352751,0.6809029006249923,0.48767123046136157,0.0
frozen_random_44,Sunk cost,0.1262135922330097,0.7100323624595469,,,0.0
frozen_random_44,WTA / WTP,0.07119741100323625,0.47500898957209636,2.5798029563338383,0.955445560553775,0.0
frozen_random,Absolute vs relative,0.5037756202804747,0.5037756202804747,0.6963471212721466,0.503173817122309,0.0
frozen_random,Affect heuristic,0.11272923408845738,0.5402732829917296,2.875817384533259,1.113485875498438,0.0
frozen_random,Allais choices,0.4919093851132686,0.4919093851132686,0.9178663546862316,0.6770071327789675,0.0
frozen_random,Anchoring,0.5420711974110033,0.5420711974110033,0.7292852460530169,0.5337774172859351,0.0013484358144552318
frozen_random,Base-rate neglect,0.0,0.3847099244875944,,,0.0
frozen_random,Conjunction,0.06903991370010787,0.54297015462064,2.7136009965235597,1.1591254639407214,0.0
frozen_random,Disease framing,0.23732470334412084,0.7266450916936353,1.7424331983981087,0.8192025187995813,0.0
frozen_random,False consensus,0.1704962243797195,0.5930140291262136,2.1831548453890264,0.9988305207766143,0.0
frozen_random,Less is More (combined),0.2819129809421071,0.7180510607695074,1.5642684986190152,0.77496733075786,0.0
frozen_random,Myside bias,0.3042071197411003,0.7978425026968715,1.6506705950700837,0.7901417892586048,0.0
frozen_random,Omission bias,0.1477885652642934,0.5120460266091335,1.6807678702254623,0.889535989130762,0.0
frozen_random,Outcome bias,0.4056094929881337,0.8259618842143114,1.665433301776102,0.7743639675154397,0.0
frozen_random,Pricing,0.46148867313915864,0.46148867313915864,0.7770729489461007,0.5790908859305115,0.0
frozen_random,Probability matching,0.5826681049982021,0.5826681049982021,1.006234057545622,0.6221322599515998,0.0
frozen_random,Ratio bias,0.5782092772384035,0.5782092772384035,0.6812835435354339,0.4880771306631086,0.0
frozen_random,Sunk cost,0.13052858683926644,0.7103559870550162,,,0.0
frozen_random,WTA / WTP,0.06688241639697949,0.47704662591393976,2.5794164812298646,0.9552406837456368,0.0
test_common_answer,Absolute vs relative,0.7022653721682848,0.7022653721682848,0.6060292245933127,0.41574780334125844,0.0
test_common_answer,Affect heuristic,0.3309061488673139,0.8192421790722763,1.5752648865726928,0.7588920815548837,0.0
test_common_answer,Allais choices,0.6893203883495146,0.6893203883495146,0.6484466919325393,0.45479421003487314,0.0
test_common_answer,Anchoring,0.8171521035598706,0.8171521035598706,0.4580524804161775,0.29124482019391174,0.0
test_common_answer,Base-rate neglect,0.27184466019417475,0.8452750809061489,,,0.0
test_common_answer,Conjunction,0.3818770226537217,0.8280474649406688,1.5228913721948891,0.7424664110763827,0.0
test_common_answer,Disease framing,0.3851132686084142,0.8258899676375403,1.5487737252453175,0.7543988310888698,0.0
test_common_answer,False consensus,0.21019417475728153,0.7803559870550163,1.4188339576579447,0.7211790333605614,0.0
test_common_answer,Less is More (combined),0.3775620280474649,0.7085221143473571,1.4380472085993048,0.7162177962988185,0.0
test_common_answer,Myside bias,0.3268608414239482,0.7883495145631066,1.5933190546488423,0.773074124894307,0.0
test_common_answer,Omission bias,0.37216828478964403,0.7216828478964401,1.341162419989272,0.7265452968273088,0.0
test_common_answer,Outcome bias,0.47896440129449835,0.8516720604099244,1.4204756527941595,0.6860496802778907,0.0
test_common_answer,Pricing,0.5591423948220064,0.5591423948220064,0.6872071280282459,0.4940505686674707,0.0
test_common_answer,Probability matching,0.766235167206041,0.766235167206041,0.5155828139316387,0.3384502432050309,0.0
test_common_answer,Ratio bias,0.6957928802588996,0.6957928802588996,0.6244268940911858,0.4324424840159459,0.0
test_common_answer,Sunk cost,0.2297734627831715,0.7775080906148867,,,0.0
test_common_answer,WTA / WTP,0.31715210355987056,0.7989931679252067,1.8576424101686686,0.8012497421878811,0.0
test_price_aware,Absolute vs relative,0.7022653721682848,0.7022653721682848,0.6060292245933127,0.41574780334125844,0.0
test_price_aware,Affect heuristic,0.3309061488673139,0.8192421790722763,1.5752648865726928,0.7588920815548837,0.0
test_price_aware,Allais choices,0.6893203883495146,0.6893203883495146,0.6484466919325393,0.45479421003487314,0.0
test_price_aware,Anchoring,0.8171521035598706,0.8171521035598706,0.4580524804161775,0.29124482019391174,0.0
test_price_aware,Base-rate neglect,0.27184466019417475,0.8452750809061489,,,0.0
test_price_aware,Conjunction,0.3818770226537217,0.8280474649406688,1.5228913721948891,0.7424664110763827,0.0
test_price_aware,Disease framing,0.3851132686084142,0.8258899676375403,1.5487737252453175,0.7543988310888698,0.0
test_price_aware,False consensus,0.21019417475728153,0.7803559870550163,1.4188339576579447,0.7211790333605614,0.0
test_price_aware,Less is More (combined),0.3775620280474649,0.7085221143473571,1.4380472085993048,0.7162177962988185,0.0
test_price_aware,Myside bias,0.3268608414239482,0.7883495145631066,1.5933190546488423,0.773074124894307,0.0
test_price_aware,Omission bias,0.37216828478964403,0.7216828478964401,1.341162419989272,0.7265452968273088,0.0
test_price_aware,Outcome bias,0.47896440129449835,0.8516720604099244,1.4204756527941595,0.6860496802778907,0.0
test_price_aware,Pricing,0.7147249190938512,0.7147249190938512,0.5828945655691723,0.39552838278997315,0.0
test_price_aware,Probability matching,0.766235167206041,0.766235167206041,0.5155828139316387,0.3384502432050309,0.0
test_price_aware,Ratio bias,0.6957928802588996,0.6957928802588996,0.6244268940911858,0.4324424840159459,0.0
test_price_aware,Sunk cost,0.2297734627831715,0.7775080906148867,,,0.0
test_price_aware,WTA / WTP,0.31715210355987056,0.7989931679252067,1.8576424101686686,0.8012497421878811,0.0
test_human_retest,Absolute vs relative,0.8155339805825242,0.8155339805825242,,,0.0
test_human_retest,Affect heuristic,0.46076051779935273,0.863673139158576,,,0.0
test_human_retest,Allais choices,0.7184466019417476,0.7184466019417476,,,0.0
test_human_retest,Anchoring,0.8236245954692557,0.8236245954692557,,,0.0
test_human_retest,Base-rate neglect,0.2686084142394822,0.8314239482200646,,,0.0
test_human_retest,Conjunction,0.39697950377562025,0.8239482200647249,,,0.0
test_human_retest,Disease framing,0.39158576051779936,0.8038834951456311,,,0.0
test_human_retest,False consensus,0.3498381877022654,0.8564902912621359,,,0.0
test_human_retest,Less is More (combined),0.5156418554476806,0.8318230852211433,,,0.0
test_human_retest,Myside bias,0.46601941747572817,0.8375404530744337,,,0.0
test_human_retest,Omission bias,0.540453074433657,0.8025889967637541,,,0.0
test_human_retest,Outcome bias,0.47896440129449835,0.8597626752966557,,,0.0
test_human_retest,Pricing,0.8423948220064723,0.8423948220064723,,,0.0
test_human_retest,Probability matching,0.7486515641855448,0.7486515641855448,,,0.0
test_human_retest,Ratio bias,0.7249190938511327,0.7249190938511327,,,0.0
test_human_retest,Sunk cost,0.3300970873786408,0.7999999999999999,,,0.0
test_human_retest,WTA / WTP,0.5080906148867314,0.88061848256023,,,0.0
sft_question_only,Absolute vs relative,0.5048543689320388,0.5048543689320388,0.7164999148691675,0.5228878898597661,0.0
sft_question_only,Affect heuristic,0.2961165048543689,0.7586974110032363,1.8418385834977309,0.8398284343053605,0.0
sft_question_only,Allais choices,0.5760517799352751,0.5760517799352751,0.6826107368623883,0.4895029532123476,0.0
sft_question_only,Anchoring,0.5598705501618123,0.5598705501618123,0.6876151564588387,0.494473959861556,0.0
sft_question_only,Base-rate neglect,0.3656957928802589,0.8261165048543689,,,0.0
sft_question_only,Conjunction,0.36245954692556637,0.8200647249190939,1.6913258513926566,0.8119884945208655,0.0
sft_question_only,Disease framing,0.3365695792880259,0.7967637540453074,1.7390234952648893,0.816166850065306,0.0
sft_question_only,False consensus,0.1925566343042071,0.6935291262135922,1.9147176613739132,0.9295533030605215,0.0
sft_question_only,Less is More (combined),0.32470334412081986,0.662891046386192,1.5261629462067896,0.7656203374184307,0.0
sft_question_only,Myside bias,0.32362459546925565,0.7656957928802589,1.6782293853968395,0.7822761947832351,0.0
sft_question_only,Omission bias,0.42394822006472493,0.7464940668824166,1.360904559318245,0.7365403681797651,0.0
sft_question_only,Outcome bias,0.4692556634304207,0.8565264293419634,1.5102310716770073,0.7392129959506291,0.0
sft_question_only,Pricing,0.5385113268608414,0.5385113268608414,0.6908733308301576,0.4977079420383961,0.0
sft_question_only,Probability matching,0.7755124056094931,0.7755124056094931,0.6083951678642272,0.3755787062636533,0.0
sft_question_only,Ratio bias,0.5857605177993528,0.5857605177993528,0.681196695831639,0.4879838738519416,0.0
sft_question_only,Sunk cost,0.23300970873786409,0.7681229773462783,,,0.0
sft_question_only,WTA / WTP,0.3300970873786408,0.8256023013304565,1.7997724078054098,0.7863778706355784,0.0
sft_full_history,Absolute vs relative,0.5048543689320388,0.5048543689320388,0.6941153117420347,0.5010312295154354,0.0
sft_full_history,Affect heuristic,0.26941747572815533,0.7510113268608414,1.9189600857922742,0.8454420514768494,0.0
sft_full_history,Allais choices,0.5760517799352751,0.5760517799352751,0.684209140404775,0.49102672473470704,0.0
sft_full_history,Anchoring,0.5598705501618123,0.5598705501618123,0.6937634461587622,0.5005312714301859,0.0
sft_full_history,Base-rate neglect,0.3559870550161812,0.8279288025889967,,,0.0
sft_full_history,Conjunction,0.36245954692556637,0.8200647249190939,1.6695678203357824,0.8036684791804597,0.0
sft_full_history,Disease framing,0.3106796116504854,0.7877022653721683,1.7053242900317411,0.8076914929583342,0.0
sft_full_history,False consensus,0.1925566343042071,0.6935291262135922,2.001422921994682,0.9457934301571079,0.0
sft_full_history,Less is More (combined),0.36677454153182304,0.7297195253505933,1.5437025746031843,0.7701500168068897,0.0
sft_full_history,Myside bias,0.31715210355987056,0.7721682847896439,1.7031466877237649,0.7891283143445121,0.0
sft_full_history,Omission bias,0.42394822006472493,0.7464940668824166,1.33157298190226,0.7179200170812134,0.0
sft_full_history,Outcome bias,0.4692556634304207,0.8565264293419634,1.5977396584369965,0.7831728184867874,0.0
sft_full_history,Pricing,0.5402912621359223,0.5402912621359223,0.6889607332208852,0.49581977685814316,0.0
sft_full_history,Probability matching,0.7755124056094931,0.7755124056094931,0.5895258552446215,0.3715404763774948,0.0
sft_full_history,Ratio bias,0.5857605177993528,0.5857605177993528,0.6786350121802498,0.4855441299833954,0.0
sft_full_history,Sunk cost,0.13268608414239483,0.7142394822006473,,,0.0
sft_full_history,WTA / WTP,0.3559870550161812,0.8342322905429701,1.7959355502956467,0.7830401640020656,0.0
sft_hybrid,Absolute vs relative,0.5048543689320388,0.5048543689320388,0.6939441532974959,0.5008354621619245,0.0
sft_hybrid,Affect heuristic,0.24919093851132687,0.7224244875943905,1.9199006815342894,0.8407320750142153,0.0
sft_hybrid,Allais choices,0.4919093851132686,0.4919093851132686,0.7052845223091107,0.5119324203751444,0.0
sft_hybrid,Anchoring,0.5275080906148867,0.5275080906148867,0.7013511658128004,0.508117741064232,0.0
sft_hybrid,Base-rate neglect,0.3042071197411003,0.7723300970873785,,,0.0
sft_hybrid,Conjunction,0.36245954692556637,0.8200647249190939,1.6286374931140188,0.7851471565652808,0.0
sft_hybrid,Disease framing,0.22653721682847897,0.716504854368932,1.6962002530074805,0.8071185088658945,0.0
sft_hybrid,False consensus,0.19110032362459545,0.6922993527508091,2.0307638087489908,0.9395346328462109,0.0
sft_hybrid,Less is More (combined),0.36245954692556637,0.7396440129449837,1.468375339459481,0.7348852025805428,0.0
sft_hybrid,Myside bias,0.32362459546925565,0.7935275080906148,1.6355590752876734,0.7734303629538899,0.0
sft_hybrid,Omission bias,0.42394822006472493,0.7464940668824166,1.3411373147429113,0.721160940303342,0.0
sft_hybrid,Outcome bias,0.4692556634304207,0.8565264293419634,1.547500497113951,0.7545990784501954,0.0
sft_hybrid,Pricing,0.5396440129449838,0.5396440129449838,0.690320766990072,0.49716335482977225,0.0
sft_hybrid,Probability matching,0.7755124056094931,0.7755124056094931,0.5903674190312509,0.37301112963661737,0.0
sft_hybrid,Ratio bias,0.5857605177993528,0.5857605177993528,0.6817315487007558,0.4884760001093099,0.0
sft_hybrid,Sunk cost,0.13268608414239483,0.7150485436893204,,,0.0
sft_hybrid,WTA / WTP,0.3333333333333333,0.8266810499820209,1.8093178897894937,0.7879093092221169,0.0
sft_shuffled_42,Absolute vs relative,0.5048543689320388,0.5048543689320388,0.6974351658120944,0.5042826113973617,0.0
sft_shuffled_42,Affect heuristic,0.2645631067961165,0.751685544768069,1.9181510249997775,0.8473346413867585,0.0
sft_shuffled_42,Allais choices,0.5760517799352751,0.5760517799352751,0.6796329717751713,0.48653433108516453,0.0
sft_shuffled_42,Anchoring,0.5598705501618123,0.5598705501618123,0.6933654520316945,0.5001506773635453,0.0
sft_shuffled_42,Base-rate neglect,0.35275080906148865,0.8261165048543688,,,0.0
sft_shuffled_42,Conjunction,0.36245954692556637,0.8200647249190939,1.6676819727044048,0.8023321263930461,0.0
sft_shuffled_42,Disease framing,0.3333333333333333,0.7941747572815533,1.7065430154728531,0.8073683332268001,0.0
sft_shuffled_42,False consensus,0.1925566343042071,0.6935291262135922,2.002029719255467,0.946189464867404,0.0
sft_shuffled_42,Less is More (combined),0.38403451995685,0.7354368932038834,1.5512340953605048,0.7739448390589704,0.0
sft_shuffled_42,Myside bias,0.3268608414239482,0.777346278317152,1.6978826663494495,0.7868348480041857,0.0
sft_shuffled_42,Omission bias,0.42394822006472493,0.7464940668824166,1.3291457957731936,0.7167289134492032,0.0
sft_shuffled_42,Outcome bias,0.4692556634304207,0.8565264293419634,1.5946500970594273,0.7823707083822173,0.0
sft_shuffled_42,Pricing,0.5395631067961164,0.5395631067961164,0.689030869806695,0.49589079810029263,0.0
sft_shuffled_42,Probability matching,0.7755124056094931,0.7755124056094931,0.587674137667719,0.3707642707585886,0.0
sft_shuffled_42,Ratio bias,0.5857605177993528,0.5857605177993528,0.6802531357811523,0.4870867961809901,0.0
sft_shuffled_42,Sunk cost,0.13268608414239483,0.7142394822006473,,,0.0
sft_shuffled_42,WTA / WTP,0.36245954692556637,0.8360302049622439,1.8012631416615519,0.783599367039811,0.0
sft_shuffled_43,Absolute vs relative,0.5048543689320388,0.5048543689320388,0.6962755216247979,0.5031485435659909,0.0
sft_shuffled_43,Affect heuristic,0.2690129449838188,0.7526294498381877,1.9159261054803025,0.845421895883921,0.0
sft_shuffled_43,Allais choices,0.5760517799352751,0.5760517799352751,0.6831787677422624,0.4900621712924441,0.0
sft_shuffled_43,Anchoring,0.5598705501618123,0.5598705501618123,0.6937347594441582,0.5005066446600935,0.0
sft_shuffled_43,Base-rate neglect,0.3268608414239482,0.8109708737864078,,,0.0
sft_shuffled_43,Conjunction,0.36245954692556637,0.8200647249190939,1.6711229950137918,0.8036785307084403,0.0
sft_shuffled_43,Disease framing,0.3106796116504854,0.7812297734627831,1.709199234643863,0.8087564585666416,0.0
sft_shuffled_43,False consensus,0.1925566343042071,0.6935291262135922,2.0017870003857996,0.9460388268050991,0.0
sft_shuffled_43,Less is More (combined),0.37216828478964403,0.7289644012944982,1.5491614156811495,0.7726997280865888,0.0
sft_shuffled_43,Myside bias,0.31715210355987056,0.7702265372168284,1.6988998844825731,0.7870557162031678,0.0
sft_shuffled_43,Omission bias,0.42394822006472493,0.7464940668824166,1.3311684503570362,0.7178716200386087,0.0
sft_shuffled_43,Outcome bias,0.4692556634304207,0.8565264293419634,1.5945797228039047,0.7822792196060951,0.0
sft_shuffled_43,Pricing,0.5402912621359223,0.5402912621359223,0.6888043587351831,0.4956658237566871,0.0
sft_shuffled_43,Probability matching,0.7755124056094931,0.7755124056094931,0.5884324398809144,0.3709105660436096,0.0
sft_shuffled_43,Ratio bias,0.5857605177993528,0.5857605177993528,0.6814667284818292,0.4882437958291862,0.0
sft_shuffled_43,Sunk cost,0.13268608414239483,0.7142394822006473,,,0.0
sft_shuffled_43,WTA / WTP,0.37216828478964403,0.8360302049622438,1.7962848639129136,0.783255804431716,0.0
sft_shuffled_44,Absolute vs relative,0.5048543689320388,0.5048543689320388,0.6954373890086016,0.5023204724651382,0.0
sft_shuffled_44,Affect heuristic,0.2593042071197411,0.7491235167206042,1.9249774810230875,0.8496712381848441,0.0
sft_shuffled_44,Allais choices,0.5760517799352751,0.5760517799352751,0.6817339428450376,0.4886573617589263,0.0
sft_shuffled_44,Anchoring,0.5598705501618123,0.5598705501618123,0.6931667531769005,0.49995025596336146,0.0
sft_shuffled_44,Base-rate neglect,0.3656957928802589,0.8325242718446602,,,0.0
sft_shuffled_44,Conjunction,0.36245954692556637,0.8200647249190939,1.671377769301765,0.8038619340577541,0.0
sft_shuffled_44,Disease framing,0.32362459546925565,0.7915857605177993,1.7040161571524253,0.8068754219897709,0.0
sft_shuffled_44,False consensus,0.1925566343042071,0.6935291262135922,2.0027983277661683,0.9460135268759503,0.0
sft_shuffled_44,Less is More (combined),0.37324703344120813,0.7274541531823084,1.5504458999135893,0.7732648945560763,0.0
sft_shuffled_44,Myside bias,0.313915857605178,0.7721682847896439,1.7016613253407333,0.7873976727812043,0.0
sft_shuffled_44,Omission bias,0.42394822006472493,0.7464940668824166,1.3246959565802452,0.7144225350599497,0.0
sft_shuffled_44,Outcome bias,0.4692556634304207,0.8565264293419634,1.5964669313666748,0.7829117960416104,0.0
sft_shuffled_44,Pricing,0.5381067961165048,0.5381067961165048,0.6892180539422373,0.4960763433415318,0.0
sft_shuffled_44,Probability matching,0.7755124056094931,0.7755124056094931,0.5889591670646107,0.3712924437491224,0.0
sft_shuffled_44,Ratio bias,0.5857605177993528,0.5857605177993528,0.6830848520827317,0.48978646202678083,0.0
sft_shuffled_44,Sunk cost,0.13268608414239483,0.7142394822006473,,,0.0
sft_shuffled_44,WTA / WTP,0.36245954692556637,0.835670622078389,1.8001561707925633,0.7847905174783305,0.0
sft_shuffled,Absolute vs relative,0.5048543689320388,0.5048543689320388,0.696382692148498,0.5032505424761636,0.0
sft_shuffled,Affect heuristic,0.26429341963322545,0.751146170442287,1.9196848705010554,0.8474759251518411,0.0
sft_shuffled,Allais choices,0.5760517799352751,0.5760517799352751,0.6815152274541569,0.48841795471217836,0.0
sft_shuffled,Anchoring,0.5598705501618123,0.5598705501618123,0.6934223215509178,0.5002025259956667,0.0
sft_shuffled,Base-rate neglect,0.3484358144552319,0.8232038834951456,,,0.0
sft_shuffled,Conjunction,0.36245954692556637,0.8200647249190939,1.6700609123399874,0.8032908637197468,0.0
sft_shuffled,Disease framing,0.32254584681769144,0.7889967637540453,1.7065861357563807,0.8076667379277376,0.0
sft_shuffled,False consensus,0.1925566343042071,0.6935291262135922,2.002205015802478,0.9460806061828178,0.0
sft_shuffled,Less is More (combined),0.37648327939590076,0.7306184825602302,1.550280470318414,0.7733031539005454,0.0
sft_shuffled,Myside bias,0.31930960086299887,0.7732470334412083,1.6994812920575855,0.787096078996186,0.0
sft_shuffled,Omission bias,0.42394822006472493,0.7464940668824164,1.328336734236825,0.7163410228492538,0.0
sft_shuffled,Outcome bias,0.4692556634304207,0.8565264293419634,1.5952322504100023,0.782520574676641,0.0
sft_shuffled,Pricing,0.5393203883495145,0.5393203883495145,0.6890177608280385,0.4958776550661705,0.0
sft_shuffled,Probability matching,0.7755124056094931,0.7755124056094931,0.5883552482044148,0.3709890935171069,0.0
sft_shuffled,Ratio bias,0.5857605177993528,0.5857605177993528,0.6816015721152379,0.4883723513456525,0.0
sft_shuffled,Sunk cost,0.13268608414239483,0.7142394822006473,,,0.0
sft_shuffled,WTA / WTP,0.3656957928802589,0.8359103440009589,1.7992347254556766,0.7838818963166193,0.0
selected_calibrated_development,Absolute vs relative,0.5048543689320388,0.5048543689320388,0.690777244613753,0.4976543793245465,0.0
selected_calibrated_development,Affect heuristic,0.26941747572815533,0.7510113268608414,1.8472688288247077,0.8232925418165508,0.0
selected_calibrated_development,Allais choices,0.5760517799352751,0.5760517799352751,0.6859483393184922,0.4928035885310469,0.0
selected_calibrated_development,Anchoring,0.5598705501618123,0.5598705501618123,0.6918776424006923,0.49871959098859586,0.0
selected_calibrated_development,Base-rate neglect,0.3559870550161812,0.8279288025889967,,,0.0
selected_calibrated_development,Conjunction,0.36245954692556637,0.8200647249190939,1.5734194082007211,0.7651944900047692,0.0
selected_calibrated_development,Disease framing,0.3106796116504854,0.7877022653721683,1.7234172575030593,0.8118961314932654,0.0
selected_calibrated_development,False consensus,0.1925566343042071,0.6935291262135922,1.5928297515107976,0.8032118082236044,0.0
selected_calibrated_development,Less is More (combined),0.36677454153182304,0.7297195253505933,1.4442862598741875,0.727472804334641,0.0
selected_calibrated_development,Myside bias,0.31715210355987056,0.7721682847896439,1.6038629235311408,0.7754361091822041,0.0
selected_calibrated_development,Omission bias,0.42394822006472493,0.7464940668824166,1.3460536807798338,0.7279374619309831,0.0
selected_calibrated_development,Outcome bias,0.4692556634304207,0.8565264293419634,1.4717929770796927,0.7041581612050339,0.0
selected_calibrated_development,Pricing,0.5402912621359223,0.5402912621359223,0.689500543413079,0.4963578949779775,0.0
selected_calibrated_development,Probability matching,0.7755124056094931,0.7755124056094931,0.5333476966325835,0.34963979284534086,0.0
selected_calibrated_development,Ratio bias,0.5857605177993528,0.5857605177993528,0.6784571816803945,0.48537792821581377,0.0
selected_calibrated_development,Sunk cost,0.13268608414239483,0.7142394822006473,,,0.0
selected_calibrated_development,WTA / WTP,0.3559870550161812,0.8342322905429701,1.8798143138994845,0.8087134529678216,0.0
test_selected_uncalibrated,Absolute vs relative,0.5372168284789643,0.5372168284789643,0.6868922524332565,0.4938425415684661,0.0
test_selected_uncalibrated,Affect heuristic,0.25202265372168287,0.7487864077669902,1.9308361629853528,0.8522394364636756,0.0
test_selected_uncalibrated,Allais choices,0.6893203883495146,0.6893203883495146,0.6512830852538951,0.45845582570164645,0.0
test_selected_uncalibrated,Anchoring,0.5550161812297735,0.5550161812297735,0.6959894265287094,0.5027477609713251,0.0
test_selected_uncalibrated,Base-rate neglect,0.3818770226537217,0.838673139158576,,,0.0
test_selected_uncalibrated,Conjunction,0.39158576051779936,0.8302049622437971,1.6603049147446085,0.7894892868644692,0.0
test_selected_uncalibrated,Disease framing,0.3333333333333333,0.8135922330097086,1.7151675006879763,0.8121062364847572,0.0
test_selected_uncalibrated,False consensus,0.19644012944983819,0.7058349514563106,2.000659269583854,0.9292292432447089,0.0
test_selected_uncalibrated,Less is More (combined),0.34519956850053934,0.7175836030204962,1.5814127926875492,0.7721900758873367,0.0
test_selected_uncalibrated,Myside bias,0.30097087378640774,0.7585760517799353,1.7826918945900088,0.8075894475719326,0.0
test_selected_uncalibrated,Omission bias,0.37216828478964403,0.7216828478964401,1.3653053783874762,0.7364019667784415,0.0
test_selected_uncalibrated,Outcome bias,0.47896440129449835,0.8516720604099244,1.5754123560854048,0.7673188821158495,0.0
test_selected_uncalibrated,Pricing,0.5630258899676375,0.5630258899676375,0.6842293543740824,0.49111369843078834,0.0
test_selected_uncalibrated,Probability matching,0.766235167206041,0.766235167206041,0.6108828084162602,0.3863796774461637,0.0
test_selected_uncalibrated,Ratio bias,0.6957928802588996,0.6957928802588996,0.6310401229902862,0.4387258833009842,0.0
test_selected_uncalibrated,Sunk cost,0.1715210355987055,0.73042071197411,,,0.0
test_selected_uncalibrated,WTA / WTP,0.31715210355987056,0.7989931679252067,1.924725390995947,0.810745893484239,0.0
test_selected_calibrated,Absolute vs relative,0.5372168284789643,0.5372168284789643,0.6867504571708156,0.49363336024937,0.0
test_selected_calibrated,Affect heuristic,0.25202265372168287,0.7487864077669902,1.853874854178694,0.8264705886671844,0.0
test_selected_calibrated,Allais choices,0.6893203883495146,0.6893203883495146,0.6674222512293971,0.47434155038928755,0.0
test_selected_calibrated,Anchoring,0.5550161812297735,0.5550161812297735,0.6931786936103707,0.5000187133499299,0.0
test_selected_calibrated,Base-rate neglect,0.3818770226537217,0.838673139158576,,,0.0
test_selected_calibrated,Conjunction,0.39158576051779936,0.8302049622437971,1.5679740398083069,0.7587025329765471,0.0
test_selected_calibrated,Disease framing,0.3333333333333333,0.8135922330097086,1.7290355728708968,0.8142133606308564,0.0
test_selected_calibrated,False consensus,0.19644012944983819,0.7058349514563106,1.5938026722997642,0.7943657001041756,0.0
test_selected_calibrated,Less is More (combined),0.34519956850053934,0.7175836030204962,1.4640128737645288,0.7296667638658003,0.0
test_selected_calibrated,Myside bias,0.30097087378640774,0.7585760517799353,1.6482955320829367,0.7885040425132132,0.0
test_selected_calibrated,Omission bias,0.37216828478964403,0.7216828478964401,1.3647767423653854,0.7378341481331305,0.0
test_selected_calibrated,Outcome bias,0.47896440129449835,0.8516720604099244,1.4530465134541457,0.6920505383688168,0.0
test_selected_calibrated,Pricing,0.5630258899676375,0.5630258899676375,0.686833292604873,0.49369519333065454,0.0
test_selected_calibrated,Probability matching,0.766235167206041,0.766235167206041,0.5456008930361549,0.36024163411124355,0.0
test_selected_calibrated,Ratio bias,0.6957928802588996,0.6957928802588996,0.651806053091223,0.4588653412554854,0.0
test_selected_calibrated,Sunk cost,0.1715210355987055,0.73042071197411,,,0.0
test_selected_calibrated,WTA / WTP,0.31715210355987056,0.7989931679252067,1.957404344801294,0.8250308094621681,0.0
