condition,update,answer_loss,gradient_norm,learning_rate,microbatch,cpu_threads,checkpointing,development_nll,development_partial_credit
question_only,1,1.7810140047222376,15.20263957977295,1.4285714285714285e-05,1,8,True,,
question_only,2,2.0295863188803196,18.803306579589844,2.857142857142857e-05,1,8,True,,
question_only,3,1.3314307052642107,14.288771629333496,4.2857142857142856e-05,1,8,True,,
question_only,4,1.117024584673345,7.40261697769165,5.714285714285714e-05,1,8,True,,
question_only,5,1.5036465739831328,9.285402297973633,7.142857142857143e-05,1,8,True,,
question_only,6,1.059236142784357,5.759130001068115,8.571428571428571e-05,1,8,True,,
question_only,7,1.340254866052419,11.043559074401855,0.0001,1,8,True,,
question_only,8,0.8611557530239224,3.7128384113311768,9.917355371900827e-05,1,8,True,,
question_only,9,0.7547145620919764,3.6140644550323486,9.834710743801654e-05,1,8,True,,
question_only,10,0.9268413307145238,3.3624985218048096,9.75206611570248e-05,1,8,True,,
question_only,11,0.8356653759256005,4.236637115478516,9.669421487603306e-05,1,8,True,,
question_only,12,0.8165848511271179,4.790973663330078,9.586776859504133e-05,1,8,True,,
question_only,13,0.8881502854637802,4.1066789627075195,9.50413223140496e-05,1,8,True,,
question_only,14,0.7521875738166273,2.239342451095581,9.421487603305785e-05,1,8,True,,
question_only,15,0.6370808981591836,2.6709232330322266,9.338842975206612e-05,1,8,True,,
question_only,16,0.7919638592284173,3.4038758277893066,9.256198347107439e-05,1,8,True,,
question_only,17,0.8436819014605135,2.992889881134033,9.173553719008266e-05,1,8,True,,
question_only,18,0.9659341024234891,4.39054536819458,9.090909090909092e-05,1,8,True,,
question_only,19,0.8331920150667429,1.9105356931686401,9.008264462809917e-05,1,8,True,,
question_only,20,0.6899684945819899,1.7902271747589111,8.925619834710744e-05,1,8,True,,
question_only,21,0.7929054700070992,1.5912576913833618,8.842975206611571e-05,1,8,True,,
question_only,22,0.663957473821938,1.5489355325698853,8.760330578512397e-05,1,8,True,,
question_only,23,0.605785375344567,1.6136345863342285,8.677685950413224e-05,1,8,True,,
question_only,24,0.660155127174221,2.1893317699432373,8.595041322314051e-05,1,8,True,,
question_only,25,0.7498379740864038,1.6325100660324097,8.512396694214876e-05,1,8,True,,
question_only,26,0.7463937228312716,2.1871886253356934,8.429752066115702e-05,1,8,True,,
question_only,27,0.6286539802094921,1.5641610622406006,8.347107438016529e-05,1,8,True,,
question_only,28,0.8226479652221315,2.211784601211548,8.264462809917356e-05,1,8,True,,
question_only,29,0.9299963787198067,3.6841583251953125,8.181818181818183e-05,1,8,True,,
question_only,30,0.7286303243599832,2.6363022327423096,8.099173553719009e-05,1,8,True,,
question_only,31,0.714458544855006,2.1818065643310547,8.016528925619836e-05,1,8,True,,
question_only,32,0.7441014568321407,2.0975143909454346,7.933884297520661e-05,1,8,True,1.3250472744052737,0.6866006620555449
question_only,33,0.6763594150543213,1.7222535610198975,7.851239669421488e-05,32,2,True,,
question_only,34,0.7452607750892639,1.8547207117080688,7.768595041322314e-05,32,2,True,,
question_only,35,0.6391047239303589,1.1304309368133545,7.685950413223141e-05,32,2,True,,
question_only,36,0.7231391668319702,2.2375471591949463,7.603305785123968e-05,32,2,True,,
question_only,37,0.6436903476715088,1.795384168624878,7.520661157024795e-05,32,2,True,,
question_only,38,0.6699681282043457,1.7067121267318726,7.43801652892562e-05,32,2,True,,
question_only,39,0.7622207403182983,1.630926489830017,7.355371900826447e-05,32,2,True,,
question_only,40,0.7401955723762512,1.3752176761627197,7.272727272727273e-05,32,2,True,,
question_only,41,0.7824804782867432,1.6950856447219849,7.1900826446281e-05,32,2,True,,
question_only,42,0.6972041130065918,1.5320723056793213,7.107438016528925e-05,32,2,True,,
question_only,43,0.8395063877105713,1.773607611656189,7.024793388429752e-05,32,2,True,,
question_only,44,0.7083384990692139,1.7320802211761475,6.94214876033058e-05,32,2,True,,
question_only,45,0.7128342390060425,1.6003035306930542,6.859504132231406e-05,32,2,True,,
question_only,46,0.784848153591156,2.5985732078552246,6.776859504132232e-05,32,2,True,,
question_only,47,0.7520826458930969,2.3132822513580322,6.694214876033058e-05,32,2,True,,
question_only,48,0.7551273107528687,1.6760848760604858,6.611570247933885e-05,32,2,True,,
question_only,49,0.8058192133903503,1.4072597026824951,6.528925619834711e-05,32,2,True,,
question_only,50,0.7858755588531494,1.2736414670944214,6.446280991735537e-05,32,2,True,,
question_only,51,0.7879056930541992,1.6092197895050049,6.363636363636364e-05,32,2,True,,
question_only,52,0.8256677389144897,1.7345774173736572,6.280991735537191e-05,32,2,True,,
question_only,53,0.6757074594497681,1.3695193529129028,6.198347107438017e-05,32,2,True,,
question_only,54,0.7309203147888184,1.4209895133972168,6.115702479338842e-05,32,2,True,,
question_only,55,0.6507631540298462,1.3720353841781616,6.03305785123967e-05,32,2,True,,
question_only,56,0.721439003944397,1.2084769010543823,5.950413223140496e-05,32,2,True,,
question_only,57,0.7672262191772461,1.4050997495651245,5.867768595041323e-05,32,2,True,,
question_only,58,0.6911042928695679,1.508278250694275,5.785123966942149e-05,32,2,True,,
question_only,59,0.6888999342918396,1.2633086442947388,5.702479338842975e-05,32,2,True,,
question_only,60,0.6016417741775513,1.2023169994354248,5.619834710743802e-05,32,2,True,,
question_only,61,0.6565070152282715,1.2352794408798218,5.537190082644629e-05,32,2,True,,
question_only,62,0.7010878324508667,1.327565312385559,5.4545454545454546e-05,32,2,True,,
question_only,63,0.7152034640312195,1.3026973009109497,5.371900826446281e-05,32,2,True,,
question_only,64,0.748551607131958,1.2027688026428223,5.289256198347108e-05,32,2,True,1.2752931309766604,0.7094744167354103
question_only,65,0.5567704439163208,1.9111779928207397,5.206611570247935e-05,32,2,True,,
question_only,66,0.6325597763061523,1.5870754718780518,5.1239669421487605e-05,32,2,True,,
question_only,67,0.7842538356781006,1.899317741394043,5.041322314049587e-05,32,2,True,,
question_only,68,0.7561867237091064,2.2177178859710693,4.958677685950414e-05,32,2,True,,
question_only,69,0.7362813949584961,2.1480560302734375,4.87603305785124e-05,32,2,True,,
question_only,70,0.6877992153167725,1.674591064453125,4.793388429752066e-05,32,2,True,,
question_only,71,0.7151209115982056,1.63111412525177,4.7107438016528926e-05,32,2,True,,
question_only,72,0.7475435733795166,1.649906039237976,4.6280991735537196e-05,32,2,True,,
question_only,73,0.7490484714508057,1.8493586778640747,4.545454545454546e-05,32,2,True,,
question_only,74,0.8023045659065247,2.153710126876831,4.462809917355372e-05,32,2,True,,
question_only,75,0.8423315286636353,1.6494958400726318,4.3801652892561984e-05,32,2,True,,
question_only,76,0.7168068885803223,2.1032159328460693,4.2975206611570254e-05,32,2,True,,
question_only,77,0.5381304025650024,1.1100047826766968,4.214876033057851e-05,32,2,True,,
question_only,78,0.6865566372871399,1.3063081502914429,4.132231404958678e-05,32,2,True,,
question_only,79,0.6807842254638672,1.3305922746658325,4.049586776859504e-05,32,2,True,,
question_only,80,0.801307201385498,1.768121361732483,3.9669421487603306e-05,32,2,True,,
question_only,81,0.6445866227149963,1.0834832191467285,3.884297520661157e-05,32,2,True,,
question_only,82,0.8123918175697327,1.6307529211044312,3.801652892561984e-05,32,2,True,,
question_only,83,0.6095460057258606,1.447620153427124,3.71900826446281e-05,32,2,True,,
question_only,84,0.5519605278968811,1.0095288753509521,3.6363636363636364e-05,32,2,True,,
question_only,85,0.7868186235427856,1.1584290266036987,3.553719008264463e-05,32,2,True,,
question_only,86,0.6597888469696045,1.1075453758239746,3.47107438016529e-05,32,2,True,,
question_only,87,0.6614302396774292,1.4116030931472778,3.388429752066116e-05,32,2,True,,
question_only,88,0.6974087953567505,1.0600794553756714,3.305785123966942e-05,32,2,True,,
question_only,89,0.7677600979804993,1.6846671104431152,3.2231404958677685e-05,32,2,True,,
question_only,90,0.6624155640602112,1.3290671110153198,3.1404958677685955e-05,32,2,True,,
question_only,91,0.5578827857971191,1.1518282890319824,3.057851239669421e-05,32,2,True,,
question_only,92,0.7010324001312256,1.662829875946045,2.975206611570248e-05,32,2,True,,
question_only,93,0.8158665895462036,1.5275588035583496,2.8925619834710744e-05,32,2,True,,
question_only,94,0.814950704574585,1.6446491479873657,2.809917355371901e-05,32,2,True,,
question_only,95,0.5880734920501709,0.9632641077041626,2.7272727272727273e-05,32,2,True,,
question_only,96,0.7388258576393127,1.7067582607269287,2.644628099173554e-05,32,2,True,1.2534638057150633,0.706284176237917
question_only,97,0.7325595021247864,1.4630876779556274,2.5619834710743802e-05,32,2,True,,
question_only,98,0.6560949087142944,1.33169424533844,2.479338842975207e-05,32,2,True,,
question_only,99,0.7467512488365173,1.366206169128418,2.396694214876033e-05,32,2,True,,
question_only,100,0.6574291586875916,1.8430031538009644,2.3140495867768598e-05,32,2,True,,
question_only,101,0.6898086071014404,1.5281158685684204,2.231404958677686e-05,32,2,True,,
question_only,102,0.7859868407249451,1.3751763105392456,2.1487603305785127e-05,32,2,True,,
question_only,103,0.6785860061645508,1.6104787588119507,2.066115702479339e-05,32,2,True,,
question_only,104,0.7414734959602356,1.0234373807907104,1.9834710743801653e-05,32,2,True,,
question_only,105,0.8147144317626953,1.8627705574035645,1.900826446280992e-05,32,2,True,,
question_only,106,0.7176624536514282,1.6293357610702515,1.8181818181818182e-05,32,2,True,,
question_only,107,0.6065933704376221,1.1316059827804565,1.735537190082645e-05,32,2,True,,
question_only,108,0.6501047611236572,1.1716923713684082,1.652892561983471e-05,32,2,True,,
question_only,109,0.7563531398773193,1.2303541898727417,1.5702479338842978e-05,32,2,True,,
question_only,110,0.5719215869903564,1.2991883754730225,1.487603305785124e-05,32,2,True,,
question_only,111,0.6445426940917969,1.1541316509246826,1.4049586776859505e-05,32,2,True,,
question_only,112,0.6196537613868713,1.2528678178787231,1.322314049586777e-05,32,2,True,,
question_only,113,0.6564212441444397,1.1739487648010254,1.2396694214876034e-05,32,2,True,,
question_only,114,0.7946275472640991,1.42352294921875,1.1570247933884299e-05,32,2,True,,
question_only,115,0.7180678844451904,1.30562424659729,1.0743801652892564e-05,32,2,True,,
question_only,116,0.7398027181625366,1.2626601457595825,9.917355371900826e-06,32,2,True,,
question_only,117,0.6897851228713989,1.155738353729248,9.090909090909091e-06,32,2,True,,
question_only,118,0.5991518497467041,1.4168634414672852,8.264462809917356e-06,32,2,True,,
question_only,119,0.6744078397750854,1.4039758443832397,7.43801652892562e-06,32,2,True,,
question_only,120,0.5730685591697693,1.4802898168563843,6.611570247933885e-06,32,2,True,,
question_only,121,0.8361498117446899,1.6468076705932617,5.7851239669421495e-06,32,2,True,,
question_only,122,0.7008807063102722,1.178792953491211,4.958677685950413e-06,32,2,True,,
question_only,123,0.6398233771324158,1.0986374616622925,4.132231404958678e-06,32,2,True,,
question_only,124,0.7663216590881348,1.7641648054122925,3.3057851239669424e-06,32,2,True,,
question_only,125,0.7121334671974182,1.3472392559051514,2.4793388429752066e-06,32,2,True,,
question_only,126,0.7634211778640747,1.7057132720947266,1.6528925619834712e-06,32,2,True,,
question_only,127,0.5477653741836548,1.3222206830978394,8.264462809917356e-07,32,2,True,,
question_only,128,0.6631565690040588,1.6669106483459473,0.0,32,2,True,1.2284549119510033,0.7078166338811682
full_history,1,1.7942345477640629,16.253841400146484,1.4285714285714285e-05,1,8,True,,
full_history,2,2.0366017119958997,19.941226959228516,2.857142857142857e-05,1,8,True,,
full_history,3,1.4365603495389223,15.779289245605469,4.2857142857142856e-05,1,8,True,,
full_history,4,1.1933852080255747,8.672386169433594,5.714285714285714e-05,1,8,True,,
full_history,5,1.3973970785737038,9.963756561279297,7.142857142857143e-05,1,8,True,,
full_history,6,1.025543157942593,5.461459159851074,8.571428571428571e-05,1,8,True,,
full_history,7,1.2792747491039336,10.838251113891602,0.0001,1,8,True,,
full_history,8,0.8241402013227344,3.5700395107269287,9.917355371900827e-05,1,8,True,,
full_history,9,0.7121092497836798,3.1588103771209717,9.834710743801654e-05,1,8,True,,
full_history,10,0.9404935641214252,3.99654483795166,9.75206611570248e-05,1,8,True,,
full_history,11,0.8147165877744555,3.44132137298584,9.669421487603306e-05,1,8,True,,
full_history,12,0.8402406442910433,4.9654998779296875,9.586776859504133e-05,1,8,True,,
full_history,13,0.8938489449210465,4.179800033569336,9.50413223140496e-05,1,8,True,,
full_history,14,0.7481357296928763,2.280888319015503,9.421487603305785e-05,1,8,True,,
full_history,15,0.6400038804858923,2.7687296867370605,9.338842975206612e-05,1,8,True,,
full_history,16,0.8138982316013426,3.930899143218994,9.256198347107439e-05,1,8,True,,
full_history,17,0.8189269115682691,2.6315016746520996,9.173553719008266e-05,1,8,True,,
full_history,18,0.9550934168510139,3.9983675479888916,9.090909090909092e-05,1,8,True,,
full_history,19,0.8372656079009175,2.0582640171051025,9.008264462809917e-05,1,8,True,,
full_history,20,0.6871987821068615,1.8927040100097656,8.925619834710744e-05,1,8,True,,
full_history,21,0.801426776801236,1.712019443511963,8.842975206611571e-05,1,8,True,,
full_history,22,0.6880969437770545,1.9272198677062988,8.760330578512397e-05,1,8,True,,
full_history,23,0.6031598942354321,1.8875548839569092,8.677685950413224e-05,1,8,True,,
full_history,24,0.6578816671390086,2.4115891456604004,8.595041322314051e-05,1,8,True,,
full_history,25,0.7683004322461784,1.8399969339370728,8.512396694214876e-05,1,8,True,,
full_history,26,0.7390507489908487,2.479309320449829,8.429752066115702e-05,1,8,True,,
full_history,27,0.6328569401521236,1.5543891191482544,8.347107438016529e-05,1,8,True,,
full_history,28,0.8296927784685977,2.5828049182891846,8.264462809917356e-05,1,8,True,,
full_history,29,0.9293946572579443,4.292468547821045,8.181818181818183e-05,1,8,True,,
full_history,30,0.7609384544193745,2.837594985961914,8.099173553719009e-05,1,8,True,,
full_history,31,0.6834588376805186,1.8243807554244995,8.016528925619836e-05,1,8,True,,
full_history,32,0.7138196653686464,1.8432785272598267,7.933884297520661e-05,1,8,True,1.32935921757706,0.6847596505700446
full_history,33,0.6384458841057494,1.5774469375610352,7.851239669421488e-05,1,8,True,,
full_history,34,0.7336590173654258,1.792643427848816,7.768595041322314e-05,1,8,True,,
full_history,35,0.6413808660581708,1.1682934761047363,7.685950413223141e-05,1,8,True,,
full_history,36,0.7044938523322344,2.1036267280578613,7.603305785123968e-05,1,8,True,,
full_history,37,0.6628206204622984,1.9726829528808594,7.520661157024795e-05,1,8,True,,
full_history,38,0.658570384606719,1.7579221725463867,7.43801652892562e-05,1,8,True,,
full_history,39,0.7741905176080763,1.9100887775421143,7.355371900826447e-05,1,8,True,,
full_history,40,0.7393991285935044,1.3106328248977661,7.272727272727273e-05,1,8,True,,
full_history,41,0.782135710818693,1.8679128885269165,7.1900826446281e-05,1,8,True,,
full_history,42,0.7227477431297302,1.5623470544815063,7.107438016528925e-05,1,8,True,,
full_history,43,0.857237936463207,1.8113700151443481,7.024793388429752e-05,1,8,True,,
full_history,44,0.7233827812597156,1.8621389865875244,6.94214876033058e-05,1,8,True,,
full_history,45,0.7182537065818906,1.9453063011169434,6.859504132231406e-05,1,8,True,,
full_history,46,0.7559877885505557,1.3265715837478638,6.776859504132232e-05,1,8,True,,
full_history,47,0.7409782635513693,2.410512685775757,6.694214876033058e-05,1,8,True,,
full_history,48,0.7445182525552809,2.253941774368286,6.611570247933885e-05,1,8,True,,
full_history,49,0.8296233974397182,1.6926512718200684,6.528925619834711e-05,1,8,True,,
full_history,50,0.7656318238005042,1.3496625423431396,6.446280991735537e-05,1,8,True,,
full_history,51,0.7705599563196301,1.7218153476715088,6.363636363636364e-05,1,8,True,,
full_history,52,0.7942020976915956,1.511067271232605,6.280991735537191e-05,1,8,True,,
full_history,53,0.6872242540121078,1.5659888982772827,6.198347107438017e-05,1,8,True,,
full_history,54,0.7318149087950587,1.7562609910964966,6.115702479338842e-05,1,8,True,,
full_history,55,0.6777493399567902,1.975015640258789,6.03305785123967e-05,1,8,True,,
full_history,56,0.7285885917954147,1.389938235282898,5.950413223140496e-05,1,8,True,,
full_history,57,0.7568218456581235,1.5888540744781494,5.867768595041323e-05,1,8,True,,
full_history,58,0.7123840982094407,1.6114895343780518,5.785123966942149e-05,1,8,True,,
full_history,59,0.6905733591411263,1.3759329319000244,5.702479338842975e-05,1,8,True,,
full_history,60,0.5925826781895012,1.358396053314209,5.619834710743802e-05,1,8,True,,
full_history,61,0.669560135807842,1.4082623720169067,5.537190082644629e-05,1,8,True,,
full_history,62,0.7048824816010892,1.5036977529525757,5.4545454545454546e-05,1,8,True,,
full_history,63,0.7222706354223192,1.4667689800262451,5.371900826446281e-05,1,8,True,,
full_history,64,0.7533837268128991,1.4373973608016968,5.289256198347108e-05,1,8,True,1.2864388046711772,0.7103504240962836
full_history,65,0.5529043995775282,2.364781379699707,5.206611570247935e-05,1,8,True,,
full_history,66,0.627481359988451,1.8750088214874268,5.1239669421487605e-05,1,8,True,,
full_history,67,0.7806645275559276,2.177889108657837,5.041322314049587e-05,1,8,True,,
full_history,68,0.6930718775838614,2.5189318656921387,4.958677685950414e-05,1,8,True,,
full_history,69,0.733794298954308,2.6568562984466553,4.87603305785124e-05,1,8,True,,
full_history,70,0.6694722812389955,1.5805591344833374,4.793388429752066e-05,1,8,True,,
full_history,71,0.7237852716352791,1.6630815267562866,4.7107438016528926e-05,1,8,True,,
full_history,72,0.7393041243776679,1.760359525680542,4.6280991735537196e-05,1,8,True,,
full_history,73,0.7298181541264057,1.8269102573394775,4.545454545454546e-05,1,8,True,,
full_history,74,0.7665953785181046,2.4483587741851807,4.462809917355372e-05,1,8,True,,
full_history,75,0.8383608041331172,1.827366590499878,4.3801652892561984e-05,1,8,True,,
full_history,76,0.7509249346330762,1.7162251472473145,4.2975206611570254e-05,1,8,True,,
full_history,77,0.5482200249098241,1.1773779392242432,4.214876033057851e-05,1,8,True,,
full_history,78,0.6843082602135837,1.3364769220352173,4.132231404958678e-05,1,8,True,,
full_history,79,0.6708778170868754,1.3147430419921875,4.049586776859504e-05,1,8,True,,
full_history,80,0.8013386181555688,1.9581525325775146,3.9669421487603306e-05,1,8,True,,
full_history,81,0.6468042226042598,1.2486354112625122,3.884297520661157e-05,1,8,True,,
full_history,82,0.8028340302407742,1.6682533025741577,3.801652892561984e-05,1,8,True,,
full_history,83,0.6183218245860189,1.499399185180664,3.71900826446281e-05,1,8,True,,
full_history,84,0.5395898101851344,1.0555157661437988,3.6363636363636364e-05,1,8,True,,
full_history,85,0.8122165303211659,1.2559056282043457,3.553719008264463e-05,1,8,True,,
full_history,86,0.6595613081008196,1.1485956907272339,3.47107438016529e-05,1,8,True,,
full_history,87,0.6530698561109602,1.5163989067077637,3.388429752066116e-05,1,8,True,,
full_history,88,0.7037344798445702,1.1782573461532593,3.305785123966942e-05,1,8,True,,
full_history,89,0.7804828439839184,1.9823017120361328,3.2231404958677685e-05,1,8,True,,
full_history,90,0.6713590070139617,1.3943564891815186,3.1404958677685955e-05,1,8,True,,
full_history,91,0.5682793267769739,1.1860755681991577,3.057851239669421e-05,1,8,True,,
full_history,92,0.7197299944236875,1.98983633518219,2.975206611570248e-05,1,8,True,,
full_history,93,0.8003390020458028,1.6151412725448608,2.8925619834710744e-05,1,8,True,,
full_history,94,0.805892301723361,1.7201913595199585,2.809917355371901e-05,1,8,True,,
full_history,95,0.5886437122244388,1.055294156074524,2.7272727272727273e-05,1,8,True,,
full_history,96,0.739546713186428,1.7852805852890015,2.644628099173554e-05,1,8,True,1.251805324169748,0.6993516297565412
full_history,97,0.7229631789959967,1.7030935287475586,2.5619834710743802e-05,1,8,True,,
full_history,98,0.6821106807328761,1.5868809223175049,2.479338842975207e-05,1,8,True,,
full_history,99,0.7426963904872537,1.3301801681518555,2.396694214876033e-05,1,8,True,,
full_history,100,0.6535310338949785,1.974992275238037,2.3140495867768598e-05,1,8,True,,
full_history,101,0.6904802703065798,1.6069198846817017,2.231404958677686e-05,1,8,True,,
full_history,102,0.7810878572054207,1.4967455863952637,2.1487603305785127e-05,1,8,True,,
full_history,103,0.6868527545593679,1.7490227222442627,2.066115702479339e-05,1,8,True,,
full_history,104,0.7622564737685025,1.1444929838180542,1.9834710743801653e-05,1,8,True,,
full_history,105,0.8189610298722982,2.1385514736175537,1.900826446280992e-05,1,8,True,,
full_history,106,0.7204145579598844,1.6128742694854736,1.8181818181818182e-05,1,8,True,,
full_history,107,0.6051462495233864,1.1688330173492432,1.735537190082645e-05,1,8,True,,
full_history,108,0.6285182293504477,1.1943963766098022,1.652892561983471e-05,1,8,True,,
full_history,109,0.7556093914899975,1.2792606353759766,1.5702479338842978e-05,1,8,True,,
full_history,110,0.5837278887629509,1.387424349784851,1.487603305785124e-05,1,8,True,,
full_history,111,0.6274837015662342,1.2591804265975952,1.4049586776859505e-05,1,8,True,,
full_history,112,0.642612790223211,1.3552658557891846,1.322314049586777e-05,1,8,True,,
full_history,113,0.6351830244529992,1.192213535308838,1.2396694214876034e-05,1,8,True,,
full_history,114,0.785261856392026,1.4458496570587158,1.1570247933884299e-05,1,8,True,,
full_history,115,0.7141553768888116,1.3068022727966309,1.0743801652892564e-05,1,8,True,,
full_history,116,0.7486634971573949,1.360823631286621,9.917355371900826e-06,1,8,True,,
full_history,117,0.6902135525597259,1.2194010019302368,9.090909090909091e-06,1,8,True,,
full_history,118,0.5877809012308717,1.4596713781356812,8.264462809917356e-06,1,8,True,,
full_history,119,0.6813751395093277,1.548072099685669,7.43801652892562e-06,1,8,True,,
full_history,120,0.5722754979506135,1.5898250341415405,6.611570247933885e-06,1,8,True,,
full_history,121,0.8588669579476118,1.9064512252807617,5.7851239669421495e-06,1,8,True,,
full_history,122,0.6913447012193501,1.1375887393951416,4.958677685950413e-06,1,8,True,,
full_history,123,0.6386660303687677,1.3302369117736816,4.132231404958678e-06,1,8,True,,
full_history,124,0.7737163050333038,1.9024301767349243,3.3057851239669424e-06,1,8,True,,
full_history,125,0.706108151935041,1.3673497438430786,2.4793388429752066e-06,1,8,True,,
full_history,126,0.769683450460434,1.901173710823059,1.6528925619834712e-06,1,8,True,,
full_history,127,0.542865079944022,1.5042839050292969,8.264462809917356e-07,1,8,True,,
full_history,128,0.6532274102792144,1.7720998525619507,0.0,1,8,True,1.2295146343264989,0.7089660299934427
